city,lat,long,bacon,banhmi,bulgogi,burger,burrito,churros,curry,currywurst,empanadas,jerkchicken,katsu,macaron,pierogi,pizza,poutine,pulledpork,sushi,xiaolongbao
"Abu Dhabi, UAE",24.466667,54.366667,1,,,17,2,,2,,,,1,2,,8,,,13,
"Abuja, Nigeria",9.066667,7.483333,,,,,,,,,,,,,,1,,,,
"Acapulco de Juarez, Mexico",16.863611,-99.8825,,,,,,,,,,,,,,,,,3,
"Adana, Turkey",36.991419,35.330829,,,,8,,,,,,,,1,,1,,,1,
"Adelaide, Australia",-34.928621,138.599959,21,2,2,30,2,9,15,,,2,,9,,13,,7,5,
"Aden, Yemen",12.8,45.033333,,,,1,,,,,,,,,,2,,,,
"Agadir, Morocco",30.427755,-9.598107,,,,,,,1,,,,,,,1,,,,
"Agra, India",27.17667,78.008075,1,,,,,,3,,,,,,,,,,,
"Aguascalientes, Mexico",21.885256,-102.291568,1,,,,,2,,,1,,,,,,,,,
"Ahmedabad, India",23.022505,72.571362,,,,,,,,,,,,,,5,,,,
"Ajmer, India",26.449895,74.639916,,,,,,,,,,,,,,1,,,,
"Akita Shi, Japan",39.720008,140.102564,,,,,,,,,,,,1,,,,,,
"Akita, Japan",39.720008,140.102564,,,,,,,2,,,,,2,,1,,,3,
"Al Ahmadi, Kuwait",29.083333,48.083333,,,,6,,,,,,,,1,,2,,,3,
"Al Ain, UAE",24.130162,55.802312,,,,1,,,,,,,,1,,,,,2,
"Al Jizah, Egypt",30.013056,31.208853,,,,7,1,,1,,,,,1,,6,,,2,
"Al Mansurah, Egypt",31.040948,31.37847,,,,,,,,,,,,1,,1,,,,
"Albuquerque, USA",35.085334,-106.605553,12,,,3,5,,1,,,,,3,,6,2,,10,
"Alexandria, Egypt",31.200092,29.918739,,,,1,,,,,,,,,,2,,,1,
"Algiers, Algeria",36.752887,3.042048,,,,,,,,,,,,,,3,,,1,
"Alicante, Spain",38.285483,-0.560056,2,,,3,,3,,,,,,,,2,,,7,
"Almaty, Kazakhstan",43.222015,76.851249,,,,,,,,,,,,5,,8,,,28,
"Alvaro Obregon, Mexico",19.360533,-99.226707,2,,,6,,3,1,,,,,3,,2,,,3,
"Amagasaki, Japan",34.733734,135.406376,,,,,,5,4,,,,,4,,,,,1,
"Ambattur, India",13.114317,80.148055,,,,1,,1,,,,,,,,4,,,,
"Amman, Jordan",31.956578,35.945695,,,,7,,,,,,,,,,4,,,5,
"Amritsar, India",31.633979,74.872264,,,,,,,1,,,,,,,4,,,,
"Amsterdam, Netherlands",52.370216,4.895168,30,1,1,53,3,2,21,,,,1,15,,41,,4,43,
"Anaheim, USA",33.835293,-117.914504,74,2,9,128,18,23,20,1,3,1,6,34,,56,13,8,72,5
"Ananindeua, Brazil",-1.3658,-48.3719,1,,,,,,,,,,,,,1,,,4,
"Anapolis, Brazil",-16.328546,-48.953403,,,,,,,,,,,,,,1,,,,
"Andijon, Uzbekistan",40.815356,72.28375,,,,,,,,,,,,,,1,,,,
"Andorra la Vella, Andorra",42.506317,1.521835,3,,,4,,,1,,,,,1,,,,,3,
"Ankara, Turkey",39.933364,32.859742,2,,,6,,,,,,,,26,,8,,,7,
"Ansan-si, South Korea",37.321878,126.830885,,,,,,1,1,,,,,6,,2,,,,
"Anshun, China",26.253072,105.947594,1,,,,,,,,,,,,,2,,,,
"Antalya, Turkey",36.9,30.6833,,,,2,,,,,,,,8,,7,,,3,
"Antananarivo, Madagascar",-18.933333,47.516667,1,,,,,1,,,,,,,,,,,,
"Antipolo, Philippines",14.625483,121.124485,7,,,7,1,1,1,,,,,1,,13,,,,
"Antofagasta, Chile",-23.650928,-70.397502,,,,1,,,,,2,,,,,4,,,5,
"Antwerpen, Belgium",51.219448,4.402464,8,,,5,2,3,7,,1,,,7,,12,,,12,
"Anyang-si, South Korea",37.394253,126.956821,1,,1,1,1,1,4,,,,,22,,5,,,1,
"Aparecida de Goiania, Brazil",-16.820257,-49.247304,,,,1,,,,,,,,,,3,,,,
"Apodaca, Mexico",25.781562,-100.187597,,,,,,,,,,,,,,1,,,1,
"Aracaju, Brazil",-10.947247,-37.073082,1,,,,,5,,,,,,,,12,,,3,
"Arequipa, Peru",-16.409047,-71.537451,1,,,,,,,,,,,,,4,,,1,
"Arkhangel'sk, Russian Federation",64.547251,40.560155,,,,,,,,,,,,1,,,,,,
"Arlington, USA",32.735687,-97.108066,18,3,1,11,7,1,,,,,,3,,5,1,2,9,
"As Sulaymaniyah, Iraq",35.55,45.433333,,,,,,,,,,,,,,1,,,,
"Asahikawa, Japan",43.770636,142.364819,2,,,,,,17,,,,,2,,1,,,2,
"Ashgabat, Turkmenistan",37.933333,58.366667,,,,1,,,,,,,,,,,,,,
"Astana, Kazakhstan",51.022358,71.467003,,,,,,,,,,,,,,2,,,3,
"Astrakhan', Russian Federation",46.358805,48.059935,,,,1,,,,,,,,,,2,,,,
"Asuncion, Paraguay",-25.282197,-57.6351,,,,,,,,,1,,,1,,2,,,3,
"Asyut, Egypt",27.178312,31.185926,,,,,,,,,,,,,,1,,,,
"Atasehir, Turkey",40.983333,29.127778,3,,,9,,2,,,,,,10,,7,,,1,
"Athens, Greece",37.983917,23.72936,15,,,62,2,3,3,,,,,4,,13,,,36,
"Atlanta, USA",33.748995,-84.387982,108,3,4,44,11,2,20,,2,7,,9,,72,3,25,89,
"Auckland, New Zealand",-36.84846,174.763332,18,1,2,19,,2,10,,,,2,7,,22,7,1,8,
"Aurora, USA",39.729432,-104.83192,7,,,5,8,,1,,,,1,,,4,,2,4,
"Austin, USA",30.267153,-97.743061,164,17,7,70,15,6,12,,11,,,12,,107,1,28,60,
"Avarua, Cook Islands",-21.212901,-159.782306,2,,,,,,,,,,,,,,,,,
"Azcapotzalco, Mexico",19.484661,-99.188675,3,,,,,,,,,,,,,,,,,
"Bacolod City, Philippines",10.640739,122.968956,4,,,6,,2,,,,,,,,12,,,,
"Bacoor, Philippines",14.412993,120.973679,4,,1,12,2,2,,,,,2,1,,14,2,,2,1
"Bagcilar, Turkey",39.904041,33.98811,1,,,4,,,,,,,,5,,6,,,5,
"Baghdad, Iraq",33.325,44.422,,,,1,,,,,,,,,,,,,1,
"Bahcelievler, Turkey",41.008545,28.824722,,,,4,,,,,,,,19,,6,,,3,
"Bakersfield, USA",35.373292,-119.018712,22,,1,17,5,1,3,,,,,3,,12,2,2,16,
"Baku, Azerbaijan",40.409262,49.867092,1,,,1,,,,,,,,1,,2,,,3,
"Balikpapan, Indonesia",-1.237927,116.852853,,,,1,,,,,,,,,,1,,,,
"Baltimore, USA",39.290385,-76.612189,48,,1,13,4,,5,,,2,,3,,33,3,6,38,
"Bandar 'Abbas, Iran",27.183222,56.266645,,,,,,,,,,,,,,1,,,,
"Bandar Seri Begawan, Brunei Darussalam",4.890278,114.942222,2,,1,7,1,1,4,,,,,2,,2,,,1,
"Bandarlampung, Indonesia",-5.39714,105.266789,,,,4,,7,1,,,,,,,,,,2,
"Bandung, Indonesia",-6.917464,107.619123,7,,5,37,,1,12,,,,11,6,,17,,,22,2
"Bangalore, India",12.971599,77.594563,2,1,,6,1,,9,,,,,,,3,,,2,
"Bangkok, Thailand",13.756331,100.501765,95,2,3,87,1,7,93,,,,10,498,,93,1,4,273,2
"Banjarmasin, Indonesia",-3.318607,114.594378,,,,2,,,,,,,,,,,,,2,
"Banjul, Gambia",13.453056,-16.5775,,,,,,1,,,,,,,,1,,,,
"Banqiao, Taiwan",25.01141,121.461841,5,,,9,,,14,,,,,7,,11,,,2,3
"Baoding, China",38.873891,115.464806,,,,,,,,,,,,,,,,,1,
"Barcelona, Spain",41.297445,2.083294,24,,,79,3,39,10,,14,,,10,,30,,3,75,
"Barcelona, Venezuela",10.144569,-64.67768,,,,,,,,,,,,,,,,,3,
"Barinas, Venezuela",8.62315,-70.237104,,,,1,,3,,,,,,,,2,,,2,
"Barnaul, Russian Federation",53.354779,83.769783,,,,,,,,,,,,1,,,,,,
"Barquisimeto, Venezuela",10.063611,-69.334722,,,,,,,,,,,,,,1,,,1,
"Barranquilla, Colombia",11.004107,-74.806981,1,,,,2,,,,,,,,,2,,,6,
"Basse-Terre, Guadeloupe",16,-61.733333,,,,,,,,,,,,2,,,,,,
"Bauru, Brazil",-22.314459,-49.058695,4,,,,,2,,,,,,2,,1,,,1,
"Bei'an, China",48.239136,126.481867,,,,1,,,,,,,,,,1,,,1,
"Beijing, China",39.904211,116.407395,1,,,5,,1,13,,,,,12,,7,,,9,
"Beirut, Lebanon",33.888629,35.495479,6,,,21,,,1,,,,,10,,11,6,,19,
"Bekasi, Indonesia",-6.23827,106.975573,2,,3,8,,4,1,,,,,2,,4,,,9,
"Belem, Brazil",-1.455755,-48.49018,2,,,1,,4,,,1,,,,,5,,,15,
"Belgaum, India",15.849695,74.497674,3,,,5,,,9,,,,,,,6,,,,
"Belgorod, Russian Federation",50.599713,36.598262,,,,,,,,,,,,,,1,,,,
"Belgrade, Serbia",44.786568,20.448922,5,,,9,4,2,4,,,,,2,,15,,,2,
"Bello, Colombia",6.336729,-75.559589,,,,,,,,,,,,,,2,,,,
"Belmopan, Belize",17.251389,-88.766944,,,,1,,1,,,,,,,,,,1,,
"Belo Horizonte, Brazil",-19.916681,-43.934493,18,,,8,1,10,,,2,,,,,28,1,,12,
"Benito Juarez, Mexico",19.379406,-99.159145,4,,,7,,5,5,,1,,,1,,8,,1,9,
"Berlin, Germany",52.520007,13.404954,23,1,6,97,,2,32,66,1,,,5,,18,,8,29,
"Bern, Switzerland",46.947922,7.444608,9,,,15,,2,7,,,,,8,,10,,,8,
"Betim, Brazil",-19.967308,-44.20119,,,,,,3,,,,,,,,,,,1,
"Bhayandar, India",19.311448,72.852651,,,,,,,,,,,,,,1,,,,
"Bielefeld, Germany",52.030229,8.532471,3,,,16,1,,3,3,,,,1,,7,,3,7,
"Bien Hoa, Vietnam",10.957413,106.842687,3,5,,,,,2,,,,,,,1,,,3,
"Bikaner, India",28.01,73.3,,,,,,,,,,,,,,1,,,,
"Bilbao, Spain",43.263013,-2.934985,3,,,13,1,9,2,,,,,1,,4,,1,6,
"Bilimora, India",20.769026,72.977774,,,,1,,,,,,,,,,2,,,,
"Birmingham, UK",52.486243,-1.890401,33,,,24,3,,38,1,1,2,1,1,,9,,8,8,
"Bloemfontein, South Africa",-29.116667,26.216667,,,,,,,,,,,,,,2,,,,
"Bochum-Hordel, Germany",51.497778,7.173889,3,,,7,,,2,1,,,,,,3,,,1,
"Bochum, Germany",51.481845,7.216236,,,,1,,,1,,,,,1,,,,,2,
"Bogor, Indonesia",-6.6,106.8,,,3,2,,6,,,,,1,5,,5,,,1,
"Bogota, Colombia",4.710989,-74.072092,3,,,6,1,2,1,,4,,,,,12,,,16,
"Boksburg, South Africa",-26.2125,28.2625,1,,,,,,,,,,,,,,,,1,
"Bologna, Italy",44.494887,11.342616,49,,,29,3,1,17,,,,,21,,79,,1,77,
"Bonn, Germany",50.734,7.0998,2,,,17,,,3,,,,,2,,5,,,4,
"Borivli, India",19.237188,72.844136,1,,,1,,,1,,,,,,,5,,,,
"Boston, USA",42.360083,-71.05888,102,4,2,46,16,3,29,,,1,,9,1,88,10,8,49,1
"Brampton, Canada",43.731548,-79.762418,18,,,10,3,,2,,,2,,,,6,7,,6,
"Brasilia, Brazil",-15.794229,-47.882166,14,,,,2,9,1,,,,,6,,25,,,15,
"Bratislava, Slovakia",48.145892,17.107137,8,,,10,1,,2,,,,,10,1,5,,,10,
"Bremen, Germany",53.079296,8.801694,4,,,4,,,4,1,,,,,,5,,,3,
"Brest, Belarus",52.097621,23.73405,,,,,,,,,,,,,,2,,,1,
"Bridgetown, Barbados",13.113222,-59.598809,,,,,,,,,,1,,,,,,,1,
"Brisbane, Australia",-27.471011,153.023449,81,6,2,71,12,12,40,,,1,,13,,54,,27,24,5
"Bristol, UK",51.454513,-2.58791,52,,,35,3,1,35,,,,4,4,,23,,8,13,
"Brno, Czech Republic",49.19506,16.606837,7,1,,20,,,1,,,,,1,,1,,,9,
"Brussels, Belgium",50.85034,4.35171,20,,,64,,1,14,,2,,,28,,15,1,,37,
"Bryansk, Russian Federation",53.263531,34.41611,,,,,,,,,,,,,,,,,2,
"Bucaramanga, Colombia",7.119349,-73.122742,,,,,,,,,1,,,,,1,,,2,
"Bucharest, Romania",44.426767,26.102538,5,,,15,1,,2,,,,,1,,4,,,2,
"Bucheon-si, South Korea",37.503414,126.766031,1,,,3,,2,2,,,,,27,,4,,,1,
"Budapest, Hungary",47.497912,19.040235,20,,,27,3,1,5,,,,,94,,20,,1,18,
"Budta, Philippines",7.206336,124.439201,,,,1,,,,,,,,,,,,,,
"Buenos Aires, Argentina",-34.603684,-58.381559,10,,2,23,1,3,4,,19,,,1,,21,,1,36,
"Buraydah, Saudi Arabia",26.333333,43.966667,,,,,,,,,1,,,,,,,,,
"Bursa, Turkey",40.188528,29.060964,1,,,1,,,,,,,,9,,3,,,,
"Busan, South Korea",35.179554,129.075642,,,3,11,1,2,8,,,,1,58,,15,,,5,1
"Butuan, Philippines",8.947538,125.540623,3,,,5,,2,,,,,,,,,,,,
"Bydgoszcz, Poland",53.12348,18.008438,,,,8,,,2,,,,,,3,5,,,2,
"Cagayan de Oro, Philippines",8.454236,124.631898,2,,,1,,,,,,,,2,,6,,,1,
"Cairo, Egypt",30.04442,31.235712,1,,,38,,,1,,,,,6,,17,,,15,
"Calamba, Philippines",14.187671,121.125082,4,,,17,,,,,,,,,,10,1,,1,
"Calgary, Canada",51.048615,-114.070846,33,1,2,13,2,6,10,,,1,,7,,27,17,2,28,
"Cali, Colombia",3.451647,-76.531985,,,,24,1,,1,,1,,,,,5,,,8,
"Callao, Peru",-12.050849,-77.125984,,,,3,,5,,,1,,,,,1,,,,
"Campina Grande, Brazil",-7.2306,-35.8811,,,,,,1,,,,,,,,9,,,4,
"Campinas, Brazil",-22.909938,-47.062633,18,,,5,,10,,,,,,,,12,,,2,
"Campo Grande, Brazil",-20.46971,-54.620121,3,,,1,,7,,,,,,,,9,,,14,
"Campos, Brazil",-21.76269,-41.318488,,,,,,2,,,,,,,,3,,,,
"Canberra, Australia",-35.282,149.128684,21,1,,6,,3,2,,,1,,1,,4,,,3,1
"Cancun, Mexico",21.161908,-86.851528,5,,,5,5,2,1,,3,,,1,,7,,,12,
"Cankaya, Turkey",39.924444,32.885556,,,,4,,,,,,,,5,,2,,,6,
"Canoas, Brazil",-29.913258,-51.186192,3,,,,,6,,,,,,,,4,,,24,
"Cape Town, South Africa",-33.924868,18.424055,26,,,9,1,1,1,,,,,1,,11,,1,25,
"Caracas, Venezuela",10.46964,-66.803718,4,,,7,,2,2,,3,,2,8,,6,,,25,
"Carapicuiba, Brazil",-23.523962,-46.841124,4,,,3,,14,,,,,,5,,7,,,5,
"Cardiff, UK",51.4833,-3.1833,31,,,25,2,3,29,,,,2,1,,30,,6,3,
"Cartagena, Colombia",10.391049,-75.479426,,,,1,,,,,1,,,,,1,,,3,
"Casablanca, Morocco",33.57311,-7.589843,,,,3,,1,,,,,,6,,4,,,7,
"Castries, Saint Lucia",14.010109,-60.987469,,,,,,,,,,,,,,,,,1,
"Caxias do Sul, Brazil",-29.163403,-51.179668,3,,,2,,1,,,,,,1,,10,,,11,
"Cebu City, Philippines",10.315699,123.885437,14,,1,13,1,2,4,,,,,,,12,1,,,
"Celaya, Mexico",20.527961,-100.811288,,,,,,9,,,,,,,,4,,,,
"Chandigarh, India",30.733315,76.779418,,,,1,,,,,,,,,,3,,,,
"Changwon, South Korea",35.227917,128.681656,1,,,1,,,,,,,,12,,1,,,,
"Changzhou, China",31.811226,119.974062,,,,,,,,,,,,1,,,,,,
"Charlotte Amalie, Virgin Islands (U.S.)",18.3419,-64.930701,,,,1,,,1,,,,,,,,,,,
"Charlotte, USA",35.227087,-80.843127,73,7,,23,8,,14,,,2,,10,,40,2,7,54,1
"Chelyabinsk, Russian Federation",55.164442,61.436843,,,,,,,,,,,,,,,,,5,
"Chengdu, China",30.572269,104.066541,,,,,,,2,,,,,,,1,,,,
"Chennai, India",13.08268,80.270718,2,,,1,1,,1,,,,,,,1,,,1,
"Cheonan, South Korea",36.815129,127.113894,,,,1,,,2,,,,,7,,4,,,,
"Cheongju-si, South Korea",36.642434,127.489032,,,,1,,,1,,,,,1,,5,,,1,1
"Chernihiv, Ukraine",51.4982,31.28935,,,,,,,,,,,,,,1,,,1,
"Chiba, Japan",35.607267,140.106291,1,,,,,,8,,,,,3,,2,,,8,
"Chicago, USA",41.878114,-87.629798,174,1,3,97,13,5,29,1,15,15,4,24,2,175,8,16,87,1
"Chiclayo, Peru",-6.776597,-79.844298,,,,,,1,,,,,,,,,,,,
"Chihuahua, Mexico",28.632996,-106.0691,1,,,2,,,,,,,,,,1,,,2,
"Chinju, South Korea",35.179982,128.107621,,,1,,,,,,,,,2,,2,,,,
"Chisinau, Moldova",47,28.916667,,,,,,,,,,,,2,,2,,,1,
"Chita, Russian Federation",52.05,113.466667,,,,,,,,,,,,,,1,,,2,
"Chittagong, Bangladesh",22.366667,91.8,,,,,,,,,,,,1,,,,,,
"Chongqing, China",29.56301,106.551557,,,,,,,,,,,,,,1,,,,
"Christchurch, New Zealand",-43.532054,172.636225,9,,1,11,,1,6,,,,,3,1,10,,,3,
"Cimahi, Indonesia",-6.884082,107.541304,1,,,1,,,,,,,3,1,,1,,,,
"City of Balikpapan, Indonesia",-1.237927,116.852853,,,,2,,,,,,,,,,,,,,
"Ciudad del Este, Paraguay",-25.516667,-54.616667,2,,,,,2,,,1,,,,,6,,,3,
"Ciudad Guayana, Venezuela",8.328091,-62.634954,,,,,,,,,,,,,,,,,2,
"Ciudad Juarez, Mexico",31.690364,-106.424548,3,,,1,,,,,,,,2,,2,,,3,
"Ciudad Lopez Mateos, Mexico",19.55,-99.283333,,,,,,,,,,,,,,,,,1,
"Cleveland, USA",41.49932,-81.694361,30,3,,2,3,,1,,1,,,3,4,15,,,11,
"Cluj-Napoca, Romania",46.766667,23.583333,1,,,3,3,,,,,,,2,,1,,,,
"Coacalco, Mexico",19.629083,-99.104345,,,,,,,,,,,,,,1,,,,
"Cochabamba, Bolivia",-17.383333,-66.166667,,,,1,,,,,,,,,,3,,,1,
"Cochin, India",9.931233,76.267304,,,,3,,,8,,,,,,,1,,,,
"Cockburn Town, Turks and Caicos Islands",21.459,-71.139,2,,,,,,,,,1,,,,,,,1,
"Colombo, Sri Lanka",6.927079,79.861243,5,,,2,,,16,,,,,,,3,,,2,
"Colorado Springs, USA",38.833882,-104.821363,15,,,1,1,,1,,,,1,1,,30,,2,4,
"Columbus, USA",39.961176,-82.998794,45,,,10,6,,5,,6,2,,5,,38,,5,22,
"Constanta, Romania",44.173333,28.638333,,,,,,,,,,,,,,1,,,,
"Contagem, Brazil",-19.916151,-44.080876,1,,,,,,,,,,,,,2,,,,
"Copenhagen, Denmark",55.676097,12.568337,135,14,2,120,2,6,21,2,,,,10,,56,1,27,101,
"Cordoba, Argentina",-31.420083,-64.188776,,,,,,1,2,,8,,,,,,,,2,
"Cordoba, Spain",37.888175,-4.779383,,,,,1,2,1,,1,,,,,1,,,1,
"Corpus Christi, USA",27.800583,-97.396381,4,,,2,,,,,,,,,,5,,,2,
"Corrientes, Argentina",-27.469213,-58.830635,,,,,,,,,1,,,,,,,,,
"Coyoacan, Mexico",19.343744,-99.156188,,,,3,,2,1,,,,,2,,11,,,2,
"Craiova, Romania",44.333333,23.816667,,,,1,,,,,,,,,,1,,,,
"Cuauhtemoc, Mexico",19.435634,-99.149511,,,,,1,2,2,,,,,1,,7,,,6,
"Cuautitlan Izcalli, Mexico",19.65,-99.25,1,,,,1,,,,,,,,,2,,,2,
"Cucuta, Colombia",7.889097,-72.49669,,,,1,,,,,,,,,,2,,,,
"Cuernavaca, Mexico",18.92421,-99.221566,2,,,,1,,,,,,,,,5,,,3,
"Cuiaba, Brazil",-15.601411,-56.097892,8,,,3,,4,,,,,,,,5,,,5,
"Culiacan, Mexico",24.846497,-107.359752,4,,,11,,1,1,,76,,,1,,15,,,7,
"Curitiba, Brazil",-25.428954,-49.267137,14,,,13,,7,1,,1,,,5,,17,,,3,
"Cusco, Peru",-13.53195,-71.967463,1,,,1,,1,,,,,,,,1,,,,
"Cuttack, India",20.462521,85.88299,,,,,,,,,,,,,,1,,,,
"Da Nang, Vietnam",16.054407,108.202167,1,13,,,,,3,,,,,8,,6,,,,
"Daegu, South Korea",35.871435,128.601445,1,,1,2,,2,3,,,,,22,,25,,,2,
"Daejeon, South Korea",36.350412,127.384548,,,,3,1,2,,,,,,13,,17,1,,,
"Dalian, China",38.914003,121.614682,,,,,,,2,,,,,,,,,,,
"Dallas, USA",32.776664,-96.796988,92,4,2,44,4,6,10,,3,1,1,9,,36,1,12,37,
"Dammam, Saudi Arabia",26.392667,49.977714,,,,13,,,,,,,,2,,3,,,5,
"Dasmarinas, Philippines",14.299018,120.95897,4,,,10,,4,,,,,,1,,14,,,2,
"Davao, Philippines",7.190708,125.455341,,,2,8,,,3,,,,,,,20,,,1,
"Delhi, India",28.613939,77.209021,,,,,,,,,,1,,,,,,,,
"Denizli, Turkey",37.783016,29.096333,,,,4,,,,,,,,,,2,,,,
"Denpasar, Indonesia",-8.65,115.216667,12,,1,29,5,8,19,,,,2,4,,26,,1,23,
"Denver, USA",39.739236,-104.990251,69,1,1,19,11,,17,,1,1,,2,,27,5,6,34,
"Depok, Indonesia",-6.39,106.83,2,,1,5,,1,2,,,,1,2,,4,,,9,
"Detroit, USA",42.331427,-83.045754,77,3,,27,5,1,8,,,1,,6,1,39,8,17,32,
"Dhaka, Bangladesh",23.810332,90.412518,,,,4,,,3,,,,,,,7,,,,
"Diadema, Brazil",-23.68184,-46.620967,9,,,7,1,8,1,,,,,2,,17,,,4,
"Diepsloot, South Africa",-25.934722,28.0125,1,,,1,,,,,,,,,,1,,,1,
"Dili, Timor-Leste",-8.55,125.566667,9,,,,,1,3,,,,,,,1,,,,
"Diyarbakir, Turkey",37.924973,40.210983,,,,,,,,,,,,,,2,,,1,
"Dnipropetrovsk, Ukraine",48.464717,35.046183,,,,2,,,,,,,,11,,3,,,1,
"Doha, Qatar",25.29161,51.530437,4,,,17,3,,5,,,,,5,,2,,,7,
"Donetsk, Ukraine",48.015883,37.80285,,,,1,,,,,,,,,,,,,2,
"Dongguan, China",23.020536,113.751765,,,,,,,,,,,,1,,,,,,
"Dortmund, Germany",51.513587,7.465298,2,,,17,,,4,3,,,,,,6,,1,1,
"Douglas, Isle of Man",54.152337,-4.486123,64,,,44,9,7,32,1,1,,2,8,,28,1,2,25,
"Dresden, Germany",51.050409,13.737262,7,,,9,,,2,,,,,,,4,,,8,
"Dubai, UAE",25.204849,55.270783,10,,1,85,1,4,9,,1,,,8,,33,,3,39,
"Dublin, Ireland",53.349805,-6.26031,46,,,36,9,4,18,,,,1,3,,28,,17,10,
"Duisburg, Germany",51.434408,6.762329,2,,,8,,,1,1,,,,2,,2,,6,6,
"Duque de Caxias, Brazil",-22.786298,-43.305311,2,,,,,1,1,,,,,5,,3,,,,
"Durban, South Africa",-29.85868,31.02184,3,,,3,,1,7,,,,,,,1,,,5,
"Dusseldorf, Germany",51.227741,6.773456,4,1,2,33,,1,6,3,,,,2,,7,3,1,18,
"East Jerusalem, Palestine",31.768319,35.21371,1,,,,,,,,,,,1,,,,,,
"Ecatepec, Mexico",19.601841,-99.050674,,,,,,1,,,,,,,,3,,,,
"Edmonton, Canada",53.544389,-113.490927,23,,2,17,,,5,,1,,,4,,10,10,3,14,
"El Paso, USA",31.777576,-106.442456,5,,,3,,,8,,,,,1,,10,,,2,
"Erbil, Iraq",36.191111,44.009167,,,,,,,,,,,,,,1,,,,
"Erzurum, Turkey",39.905499,41.265824,,,,1,,,,,,,,1,,,,,,
"Esenler, Turkey",41.079413,28.853855,,,,2,,,,,,,,4,,2,,,,
"Eskisehir, Turkey",39.766706,30.525631,,,,3,,,,,,,,1,,3,,,,
"Essen, Germany",51.455643,7.011555,1,,,8,,,2,3,,,,,,1,,,2,
"Etobicoke, Canada",43.620495,-79.513198,15,1,,2,,2,7,,5,3,,,,4,3,,3,
"Faisalabad, Pakistan",31.418714,73.079107,,,,,,,,,,,,,,1,,,,
"Faridabad, India",28.408912,77.317789,1,,,1,,,1,,,,,,,3,,,1,
"Feira de Santana, Brazil",-12.259727,-38.964661,1,,,,,,,,,,,,,2,,,3,
"Florence, Italy",43.76956,11.255814,15,,,11,3,3,9,,1,,,17,,59,,,40,
"Florianopolis, Brazil",-27.595378,-48.54805,8,,,7,3,3,,,,,,7,1,16,,,40,
"Fort Worth, USA",32.755488,-97.330766,12,,,6,3,,4,,,,,2,,8,,,5,
"Fortaleza, Brazil",-3.731862,-38.52667,3,,,4,,48,,,,,,2,,32,,,34,
"Franca, Brazil",-20.539329,-47.401344,1,,,,,,,,,,,1,,,,,1,
"Frankfurt, Germany",50.110922,8.682127,12,,,28,2,,15,10,,,,6,,15,,1,20,
"Fresno, USA",36.746842,-119.772587,21,1,,5,6,,1,,,,,5,,13,,3,14,
"Fujisawa, Japan",35.33914,139.490994,1,,,,,,30,,,,,5,,4,,,4,1
"Fukuoka, Japan",33.590355,130.401716,2,,,3,,,68,,,,,8,,1,,,14,
"Fukuyama, Japan",34.485899,133.362313,,,,1,1,1,2,,,,,,,,,,,
"Funabashi, Japan",35.694706,139.982618,8,,1,3,1,3,19,,,,1,7,,3,1,,4,
"Fuzhou, China",26.074508,119.296494,1,,,,,,1,,,,,,,,,,1,
"Gaza, Palestine",31.522561,34.453593,,,,1,,,,,,,,2,,7,,,4,
"Gaziantep, Turkey",37.065953,37.37811,,,,,,,,,,,,1,,,,,,
"Gdansk, Poland",54.352025,18.646638,1,,,15,,,2,,,,,1,5,12,,,5,
"General Escobedo, Mexico",25.780217,-100.316113,,,,,,2,,,1,,,,,2,,,1,
"General Santos, Philippines",6.116386,125.171618,,,,,,,,,,,,,,3,,,,
"Genoa, Italy",44.40565,8.946256,6,,,3,1,,,,1,,,3,,14,,,15,
"George Town, Cayman Islands",19.286932,-81.367439,,,,,,,,,,,,1,,,,,1,
"Georgetown, Guyana",6.8,-58.166667,,,,,,,,,,1,,1,,1,,,,
"Ghaziabad, India",28.669157,77.453758,,,,,,,,,,,,,,1,,,,
"Gibraltar, Gibraltar",36.140773,-5.353599,3,,,4,,,,,,,,1,,1,,,,
"Gifu, Japan",35.423298,136.760654,1,,,,,,12,,,,,7,,5,,,5,
"Goeteborg, Sweden",57.70887,11.97456,52,,1,37,,,9,,2,1,,,,21,,11,17,
"Goiania, Brazil",-16.686891,-49.264794,3,,,4,1,12,,,,,,,1,17,,,4,
"Gold Coast, Australia",-28.01726,153.425699,23,,1,21,2,4,8,,,,,5,,21,1,3,14,
"Gomel, Belarus",52.441176,30.987846,,,,,,,,,,,,1,,,,,,
"Gorakhpur, India",26.760555,83.373168,,,,,,1,,,,,,,,1,,,,
"Goyang-si, South Korea",37.65836,126.83202,3,,2,,,2,2,,,,,30,,12,,,4,
"Guadalajara, Mexico",20.659699,-103.349609,5,,1,6,1,3,1,,,,,1,,15,,1,6,
"Guadalupe, Mexico",16.257222,-94.086944,,,,2,,,,,,,,1,,12,,,3,
"Guangzhou, China",23.12911,113.264385,,,,4,,,2,,,,,1,,5,,,5,
"Guaruja, Brazil",-23.994844,-46.256868,,,,,,1,,,,,,,,,,,,
"Guarulhos, Brazil",-23.45425,-46.533793,4,,,3,,6,1,,,,,1,,11,,,5,
"Guatemala City, Guatemala",14.613333,-90.535278,2,,,,2,,,,,,,,,2,,,1,
"Guayaquil, Ecuador",-2.170998,-79.922359,1,,,1,2,3,,,10,,,,,19,,,7,
"Guilin, China",25.273566,110.290195,,,,,,,1,,,,,,,,,,,
"Guiyang, China",26.647661,106.630154,,,,,,,,,,,,,,1,,,,
"Gujrat, Pakistan",32.571144,74.075005,,,,1,,,,,,,,,,,,,,
"Gustavia, Saint Barthélemy",17.896435,-62.852201,,,,,,,,,,,,,,,,,1,
"Gustavo A. Madero, Mexico",19.487333,-99.123613,1,,,2,,1,,,1,,,,,2,,,3,
"Guwahati, India",26.144517,91.736237,,,,5,,,,,,,,,,,,,,
"Gwangju, South Korea",35.159545,126.852601,,,,1,,1,2,,,,,7,,4,,,,
"Hachioji, Japan",35.666339,139.315806,1,,,2,,,19,,,,,3,,3,,,1,
"Hagatna, Guam",13.470891,144.751278,2,,,1,,,1,,,,,,,,,,1,
"Haiphong, Vietnam",20.844912,106.688084,,1,1,1,,,1,,,,,1,,2,,,,
"Halifax, Canada",44.648863,-63.57532,21,,,4,4,,6,,,,,1,,4,11,1,6,
"Hamamatsu, Japan",34.710834,137.726126,1,,,,2,,6,,,,,,,2,,,,
"Hamburg, Germany",53.551085,9.993682,14,4,1,68,3,,16,11,,,,3,1,15,,6,15,
"Hamilton, Bermuda",32.294816,-64.781375,,,,,,,1,,,,,,,,,,1,
"Hamilton, Canada",43.250021,-79.866091,35,,3,9,7,1,5,,,1,,6,1,18,8,2,23,
"Hangzhou, China",30.274085,120.15507,3,,,,,,1,,,,,1,,,,,4,
"Hannover, Germany",52.375892,9.73201,6,,,11,,1,5,1,,,,1,1,6,,1,6,
"Hanoi, Vietnam",21.027764,105.83416,4,19,,2,,2,4,,,,,19,,17,,,9,1
"Harare, Zimbabwe",-17.863889,31.029722,,,,1,,,,,,,,,,,,,,
"Havana, Cuba",23.159167,-82.271056,4,,,2,,,,,,,,,,,,,,
"Helsinki, Finland",60.173324,24.941025,23,2,,45,2,1,7,2,,1,,12,,20,,5,30,
"Hermosillo, Mexico",29.072967,-110.955919,7,,,7,1,,,,,,,,,2,,,5,
"Heroica Matamoros, Mexico",25.8797,-97.5042,1,,,4,,,1,,1,,,2,,5,,,4,
"Himeji, Japan",34.815149,134.685353,4,,,3,,,11,,,,,2,,3,,,,
"Hirakata, Japan",34.81434,135.650658,,,,,,,4,,,,,5,,2,,,3,
"Hiroshima, Japan",34.385203,132.455293,1,,,,,,7,,,,,3,,3,,,3,
"Ho Chi Minh City, Vietnam",10.818463,106.658825,7,23,,10,,,12,,,,,13,1,20,,,34,1
"Holguin, Cuba",20.783789,-75.806908,,,,,,1,,,,,,,,,,,,
"Hong Kong, Hong Kong",22.396428,114.109497,42,,6,129,12,17,56,,1,,6,45,,40,1,,79,14
"Honolulu, USA",21.306944,-157.858333,99,2,2,32,5,,25,,,1,10,11,,50,,3,61,2
"Houston, USA",29.760427,-95.369803,61,2,6,42,8,3,8,,4,,2,23,,47,1,7,43,
"Hrodna, Belarus",53.672481,23.826693,,,,,,,,,,,,1,,3,,,6,
"Hsinchu, Taiwan",24.806649,120.966926,3,,,3,,,5,,,,,,,7,,,,
"Huai'an, China",33.61036,119.015288,,,,,,,,,,,,,,1,,,,
"Hualian, Taiwan",23.949989,121.551891,,,,2,,,3,,,,,2,,2,,,,2
"Hubli, India",15.364708,75.123955,,,,,,,1,,,,,,,,,,,
"Hull, UK",53.745671,-0.336741,9,,,5,,,6,,,2,1,,,4,,1,1,
"Hwaseong-si, South Korea",37.199493,126.831189,,,,,,1,,,,,,,,,,,,
"Hyderabad, India",17.385044,78.486671,,,,,,,,,,,,,,3,,,,
"Iasi, Romania",47.156944,27.590278,,,,,,,,,,,,,,1,,,,
"Iligan City, Philippines",8.228021,124.245242,1,,,1,1,,,,,,,,,1,,,,
"Iloilo, Philippines",10.72015,122.562106,4,,,7,1,1,2,,,,,,,11,,,3,
"Incheon, South Korea",37.476364,126.616936,1,,6,1,,5,5,,,,,19,,5,,,1,
"Indianapolis, USA",39.768403,-86.158068,49,,1,12,9,,6,,1,3,,13,1,34,2,6,32,
"Indore, India",22.719569,75.857726,,,,1,,1,1,,,,,,,1,,,,
"Ipoh, Malaysia",4.597479,101.090106,6,,,20,,9,27,,,,1,10,,12,,,12,2
"Irapuato, Mexico",20.678665,-101.354496,,,,1,,,2,,2,,,,,2,,,,
"Irbid, Jordan",32.545442,35.857153,7,,,5,,,,,,,,2,,4,,,1,
"Irkutsk, Russian Federation",52.268501,104.383337,,,,,,,,,,,,,,3,,,,
"Isfahan, Iran",32.654627,51.667983,,,,,,,,,,,,,,1,,,,
"Islamabad, Pakistan",33.729388,73.093146,,,,2,,,1,,,,,,,1,,,,
"Istanbul, Turkey",41.008238,28.978359,2,,,14,,,1,,,,,10,1,13,,,1,
"Itaquaquecetuba, Brazil",-23.484946,-46.349483,,,,2,,1,,,,,,,,1,,,2,
"Ivanovo, Russian Federation",57.005067,40.976645,,,,1,,,,,,,,,,,,,1,
"Iwaki, Japan",37.05042,140.887682,,,,,,,,,,,,,,1,,,,
"Izhevsk, Russian Federation",56.833333,53.183333,,,,,,,,,,,,1,,3,,,1,
"Izmir, Turkey",38.423734,27.142826,,,,4,1,,,,,,,40,,6,,,,
"Iztacalco, Mexico",19.394804,-99.097681,,,,,1,,,,,,,,,1,,,,
"Iztapalapa, Mexico",19.342083,-99.053216,,,,,,,,,,,,,,1,,,,
"Jaboatao dos Guararapes, Brazil",-8.172166,-34.998683,,,,,,1,,,,,,,,1,,,7,
"Jaboatao, Brazil",-8.108531,-35.017283,2,,,1,,,1,,,,,,,,,,4,
"Jacksonville, USA",30.332184,-81.655651,58,,4,10,4,,5,,1,2,,9,,30,,10,15,
"Jaipur, India",26.912434,75.787271,,,,1,,,1,,,,,,,,,,,
"Jakarta, Indonesia",-6.208763,106.845599,56,2,6,109,10,44,60,,,1,13,58,,37,,3,70,10
"Jalandhar, India",31.326015,75.576183,,,,,,,,,1,,,,,,,,,
"Jambi City, Indonesia",-1.59,103.61,,,,,,,,,,,,1,,,,,,
"Jeddah, Saudi Arabia",21.543333,39.172778,,,,7,,,,,,,,,,12,1,,20,
"Jeju-si, South Korea",33.499621,126.531188,,,,5,,,2,,,,,2,,1,,,1,
"Jeonju, South Korea",35.824224,127.147953,,,,1,,2,1,,,,,11,,4,,,1,
"Jerusalem, Israel",31.768319,35.21371,,,,,,,,,,,,,,,,,1,
"Jhansi, India",25.448426,78.568459,,,,,,,,,,,,,,1,,,,
"Jiangmen, China",22.578738,113.081901,,,,,,,1,,,,,,,,,,1,
"Joao Pessoa, Brazil",-7.0833,-34.8333,1,,,,,4,,,,,,11,,4,,,4,
"Jodhpur, India",26.238947,73.024309,,,,,,,1,,,,,,,,,,,
"Johannesburg, South Africa",-26.204103,28.047305,,,,3,,,7,,,,,1,,1,,1,8,
"Johor Bahru, Malaysia",1.492659,103.741359,15,,1,27,,7,24,,,,1,7,,14,,,18,5
"Joinville, Brazil",-26.304408,-48.846383,5,,,2,,1,,3,,,,6,,11,,,11,
"Juiz de Fora, Brazil",-21.762424,-43.3434,4,,,,,1,,,,,,,,4,,,2,
"Jundiai, Brazil",-23.185708,-46.897806,6,,,6,,8,,,,,,1,,1,,,6,
"Kaesong, North Korea",37.938194,126.587795,,,,,,,,,,,,1,,,,,,
"Kagoshima, Japan",31.596554,130.557116,,,,,,,12,,,,,1,,1,,,1,
"Kahramanmaras, Turkey",37.575276,36.922822,,,,1,,,,,,,,,,,,,,
"Kaliningrad, Russian Federation",54.716667,20.516667,,,,,,,,,,,,1,,4,,,4,
"Kalininskiy, Russian Federation",43.727222,44.693333,2,,,3,,,,,,,,3,,3,,1,3,
"Kaluga, Russian Federation",54.551858,36.285097,,,,,,,,,,,,,,1,,,,
"Kamarhati, India",22.684667,88.370649,,,,1,,,,,,,,,,,,,,
"Kampala, Uganda",0.313611,32.581111,1,,,,,,,,,,,,,1,,,,
"Kampung Baru Subang, Malaysia",3.135745,101.543483,1,,,4,2,1,1,,,,,2,,2,,,,1
"Kanazawa, Japan",36.561325,136.656205,1,,,,,,12,,,,,2,,2,,,4,
"Kansas City, USA",39.099727,-94.578567,17,1,1,7,1,,8,,,2,1,1,,17,,6,8,
"Kaohsiung, Taiwan",22.627278,120.301435,6,,,11,,1,9,,,,,14,,10,,,11,2
"Karabaglar, Turkey",38.346551,27.044101,,,,7,,,1,,,,,6,,4,,,5,
"Karachi, Pakistan",24.861462,67.009939,,,,8,,,,,,,,,,4,,,2,
"Karagandy, Kazakhstan",49.804684,73.109383,,,,,,,,,,,,,,3,,,1,
"Karaj, Iran",35.840019,50.939091,,,,1,,,,,,,,,,2,,,,
"Karol Bagh, India",28.652781,77.192144,1,,,4,1,1,2,,,,,,,5,,,4,
"Kashiwa, Japan",35.867612,139.97585,1,,,,,,11,,,,,1,,2,,,3,
"Kathmandu, Nepal",27.7,85.333333,3,,,,,,1,,,,,,,2,,,,
"Katowice, Poland",50.264892,19.023782,4,,,12,,,4,,,,,,6,8,,,7,
"Kaunas, Lithuania",54.898521,23.903597,1,,,4,,,,,,,,,,5,,,4,
"Kawagoe, Japan",35.925101,139.485793,2,,,2,,1,20,,,,,4,,5,,,1,
"Kawaguchi, Japan",35.807738,139.724171,1,1,,,,,10,,,,,7,,4,,,1,
"Kawasaki, Japan",35.530906,139.703051,1,,,,1,,28,,,,1,10,,5,,,25,
"Kayseri, Turkey",38.720489,35.482597,,,,3,,,1,,,,,1,,,,,,
"Kazan, Russian Federation",55.790278,49.134722,,,,2,,,,,,,,2,,6,,,,
"Keelung, Taiwan",25.127603,121.739183,,,,,,,1,,,,,3,,1,,,3,
"Kemerovo, Russian Federation",55.270068,86.107838,,,,,,,,,,,,,,3,,,1,
"Khabarovsk, Russian Federation",48.502731,135.06626,,,,,,,,,,,,1,,3,,,1,
"Khamis Mushait, Saudi Arabia",18.3,42.733333,,,,1,,,,,,,,,,,,,,
"Kharkiv, Ukraine",49.9935,36.230383,,,,7,,,,,,,,2,,3,,,13,
"Kherson, Ukraine",46.635417,32.616867,,,,1,,,,,,,,,,,,,2,
"Khmel'nyts'kyy, Ukraine",49.422983,26.987133,,,,,,,,,,,,,,,,,5,
"Kiev, Ukraine",50.4501,30.5234,3,,,23,,,1,,,,,26,,9,,,17,
"Kimhae, South Korea",35.228545,128.889352,,,1,,,,,,,,,1,,1,,,,
"Kingston, Jamaica",17.983333,-76.8,1,,,,,,1,,,18,,,,,,,,
"Kingstown, Saint Vincent and the Grenadines",13.157778,-61.225,1,,,,,,,,,,,,,,,,,
"Kirov, Russian Federation",58.603532,49.666798,,,,,,,,,,,,,,1,,,,
"Kitakyushu, Japan",33.883409,130.875216,1,,,,,,9,,,,,2,,3,,,7,
"Klang, Malaysia",3.044917,101.445562,,,,8,,,,,,,,2,,,,,2,
"Kobe, Japan",34.690083,135.195511,,,,6,,,45,,,,,7,,7,,,5,
"Kochi, Japan",33.558804,133.531168,,,,,,,10,,,,,,,1,,,3,
"Koeln, Germany",50.937531,6.960279,12,,,46,2,,11,2,,,,3,,6,,1,13,
"Kolkata, India",22.572646,88.363895,2,,,1,,,7,,,,,,,3,,,,
"Kollam, India",8.893212,76.61414,,,,1,,,,,,,,,,,,,,
"Koriyama, Japan",37.400529,140.359742,,,,,,,8,,,,,1,,,,,2,
"Koshigaya, Japan",35.891084,139.790938,,,,,,,6,,,,,3,,1,,,,
"Kota Bharu, Malaysia",6.116786,102.277684,11,,,15,1,,15,,,,,31,,13,,,7,
"Kota Kinabalu, Malaysia",5.980408,116.073457,,,,2,,3,1,,,,,1,,1,,,1,
"Kowloon, Hong Kong",22.318567,114.179606,23,2,2,42,1,21,47,,,,1,38,,18,1,,54,6
"Kozhikode, India",11.258753,75.78041,,,,,,,,,,,,,,1,,,,
"Krakow, Poland",50.06465,19.94498,5,,,14,1,,2,,,,,2,9,13,1,,11,
"Kralendijk, Sint Eustatius and Saba",12.1507,-68.2767,,,,,,,,,,,,,,,,,1,
"Krasnodar, Russian Federation",45.033333,38.966667,,,,3,,,,,,,,7,,4,,,2,
"Krasnogvargeiskoe, Russian Federation",45.832239,41.580378,,,,1,,3,1,,,,,2,,10,,,2,
"Krasnoyarsk, Russian Federation",56.015283,92.893248,,,,,,,,,,,,1,,7,,,,
"Krugersdorp, South Africa",-26.1,27.766667,2,,,,,,,,,,,1,,,,,,
"Kryvyi Rih, Ukraine",47.910483,33.391783,,,,,,,,,,,,,,1,,,1,
"Kuala Lumpur, Malaysia",3.139003,101.686855,37,1,4,63,,21,47,,,,3,32,,31,,1,37,3
"Kuantan, Malaysia",3.816667,103.333333,,,,,,1,5,,,,,,,,,,,
"Kuching, Malaysia",1.56,110.345,2,,,7,,,3,,,,,,,6,,,3,1
"Kukatpalli, India",17.494793,78.399644,,,,,,,1,,,,,,,1,,,,
"Kumamoto, Japan",32.8031,130.707891,,,,1,,,10,,,,1,,,2,,1,4,
"Kunming, China",24.880095,102.832892,,,,,,,,,,,,,,1,,,,
"Kurashiki, Japan",34.585013,133.772084,,,,,,,4,,,,,,,2,,,,
"Kuwait City, Kuwait",29.375859,47.977405,5,,,18,,1,,,,,,2,,10,,,8,
"Kwangmyong, South Korea",37.478488,126.864289,2,,5,3,3,5,6,,,,,54,,10,,,6,
"Kyoto, Japan",35.011636,135.768029,2,,,2,3,,59,,,,1,11,,8,,,22,
"L'viv, Ukraine",49.839683,24.029717,,,,5,,,,,,,,2,,9,,,4,
"La Paz, Bolivia",-16.5,-68.15,1,,,1,1,,,,,,,1,,,,,1,
"La Plata, Argentina",-34.920495,-57.953566,1,,,,,,,,2,,,1,,,,,,
"Laayoune / El Aaiun, Western Sahara",27.125287,-13.1625,,,,,,1,,,,,,,,,,,,
"Lagos, Nigeria",6.524379,3.379206,1,,,,,,2,,,,,,,,,,,
"Lahore, Pakistan",31.554606,74.357158,,,,8,,,,,,,,,,4,,,,
"Lapu-Lapu City, Philippines",10.266182,123.997295,4,,,5,,,1,,,,,,,12,,,2,
"Las Palmas de Gran Canaria, Spain",28.123546,-15.436257,3,,,4,,5,4,,,,,,,6,,,9,
"Las Vegas, USA",36.169941,-115.13983,102,,7,88,23,9,13,,2,1,1,16,1,64,1,8,59,1
"Laval, Canada",45.606649,-73.712409,18,,,5,,3,,,,,,4,,4,26,1,10,
"Leeds, UK",53.800755,-1.549077,44,,,62,6,3,35,,1,1,3,5,,26,,13,13,
"Leicester, UK",52.636878,-1.139759,29,,,44,5,2,30,,,5,1,2,,23,,11,8,
"Leipzig, Germany",51.339696,12.373075,2,,,14,2,,12,1,,,,4,,6,,,8,
"Leon, Mexico",21.125008,-101.68596,,,,,,1,,,,,,,,2,,,2,
"Lima, Peru",-12.046374,-77.042793,,,,6,,11,1,,,,,1,,11,,,9,
"Lipetsk, Russian Federation",52.6122,39.598123,,,,,,,,,,,,,,2,,,,
"Lisbon, Portugal",38.722252,-9.139337,7,1,,21,1,1,7,,,,,4,,20,,,72,
"Liverpool, UK",53.408371,-2.991573,20,,,22,5,,10,,,1,,1,,8,,10,5,
"Ljubljana, Slovenia",46.056947,14.505751,12,,,7,2,,6,,,,,3,,13,,1,34,
"Lodz, Poland",51.759249,19.455983,3,,,6,,,1,,,,,2,,7,,,5,
"London, Canada",42.98695,-81.243177,17,,,1,,,2,,,,,2,,3,5,,3,
"London, UK",51.507351,-0.127758,1408,5,9,451,54,23,258,4,4,21,10,79,3,167,8,74,206,5
"Londrina, Brazil",-23.304452,-51.169582,5,,,,,2,,,,,,2,,1,,,3,
"Long Beach, USA",33.77005,-118.193739,53,3,5,28,18,4,6,,2,,2,13,,44,9,3,45,1
"Los Angeles, USA",34.052234,-118.243685,368,23,37,327,118,42,86,1,30,15,18,92,,307,8,16,333,10
"Luanda, Angola",-8.838333,13.234444,,,,,,,,,,,,,,,,,2,
"Lublin, Poland",51.246454,22.568446,2,,,6,,,2,,,,,,1,1,,,5,
"Lucknow, India",26.846694,80.946166,,,,1,,,,,,,,,,,,,,
"Ludhiana, India",30.900965,75.857276,,,,3,,,,,,,,,,1,,,,
"Luxembourg, Luxembourg",49.611621,6.131935,4,,,17,1,,2,3,,,,7,,5,,,7,
"Luxor, Egypt",25.687243,32.639636,,,,1,,,,,,,,,,1,,,1,
"Lyon, France",45.764043,4.835659,12,,,52,,2,11,,1,,,27,,26,4,1,15,
"Macapa, Brazil",0.035574,-51.070535,,,,,,2,,,,,,,,5,,,1,
"Macau, Macao",22.207659,113.549951,,1,,6,,,7,,,,,5,,4,,,7,
"Maceio, Brazil",-9.649849,-35.708949,,,,,,2,2,,,,,,,8,,,5,
"Machida, Japan",35.546631,139.438619,2,,,1,,,19,,,,2,17,,1,,,8,
"Madrid, Spain",40.416775,-3.70379,15,,1,49,5,81,10,,1,,,4,1,14,,1,45,
"Mahilyow, Belarus",53.900716,30.33136,,,,2,,,,,,,,,,,,,,
"Makassar, Indonesia",-5.147665,119.432731,,,2,6,,1,,,,,,,,3,,,2,
"Makati City, Philippines",14.554729,121.024445,46,4,4,75,13,24,9,,1,,12,14,,48,2,3,21,9
"Makhachkala, Russian Federation",42.966667,47.5,,,,,,,,,,,,,,7,,,8,
"Malaga, Spain",36.721261,-4.421266,3,,,2,1,18,2,,,,,3,,8,,,8,
"Malang, Indonesia",-7.96662,112.632632,2,,1,13,1,3,2,,,,,44,,1,,,3,
"Male, Maldives",4.175496,73.509347,1,,,4,,,,,,,,,,3,,,1,
"Malingao, Philippines",6.681929403,124.6823086,,,,1,,,,,,,,,,,,,,
"Maltepe, Turkey",40.070249,27.142935,1,,,6,,,,,,,,17,,5,,,10,
"Manado, Indonesia",1.474831,124.842079,,,,1,,6,,,,,,,,1,,,1,
"Managua, Nicaragua",12.136389,-86.251389,1,,,,,,,,1,,,2,,,,,2,
"Manama, Bahrain",26.216667,50.583333,1,,,20,2,,,,,,,,,11,,,3,
"Manaus, Brazil",-3.119027,-60.021731,9,,,5,,1,,,,,,,,9,,,16,
"Manchester, UK",53.480759,-2.242631,41,,,45,7,2,24,,,4,,2,,21,,5,9,
"Mandalay, Myanmar",21.975,96.083333,,,,,,,1,,,,,,,,,,,
"Mandaluyong City, Philippines",14.579444,121.035917,6,1,,7,3,,4,,,,6,1,,6,,,3,
"Mandaue City, Philippines",10.333333,123.933333,8,,1,8,,1,1,,,,,1,,8,,,3,
"Mangalore, India",12.914142,74.855957,,,,,,,,,,,,,,1,,,,
"Manila, Philippines",14.599512,120.98422,7,,2,22,3,2,4,,,,2,2,,18,1,,7,1
"Mannheim, Germany",49.487459,8.466039,12,,,29,1,,4,2,,,,2,,7,,2,7,
"Mansilingan, Philippines",10.630446,122.977964,1,,,2,,,,,,,,,,1,,,,
"Manukau City, New Zealand",-36.994102,174.87266,11,,,6,,,1,,1,,,,,4,1,1,2,
"Maputo, Mozambique",-25.966667,32.583333,,,,,,1,,,,,,,,,,,,
"Mar del Plata, Argentina",-38.005477,-57.542611,1,,,,,4,,,3,,,,,6,,,,
"Maracaibo, Venezuela",10.633333,-71.633333,,,,4,,,,,2,,,,,5,,,8,
"Maracay, Venezuela",10.246944,-67.596111,,,,,,,,,,,,,,2,,,3,
"Mariehamn, Åland Islands",60.097095,19.934834,8,,,4,,,2,,,,,1,,4,,2,3,
"Marigot, Saint Martin",18.0731,-63.0822,,,,1,,,,,,,,,,,,,,
"Maringa, Brazil",-23.420999,-51.933056,1,,,,,3,,,,,,,,1,,,2,
"Mariupol, Ukraine",47.097133,37.543367,,,,1,,,,,,,,7,,,,,1,
"Marrakesh, Morocco",31.63,-8.008889,2,,,3,,,,,,,,1,,,,,2,
"Marseille, France",43.296482,5.36978,7,1,,48,,1,4,,1,,,13,,9,1,,14,
"Mataram, Indonesia",-8.576995,116.100489,,,,,,,2,,,,,,,2,,,,
"Matsudo, Japan",35.787649,139.903093,1,,,1,,,18,,,,,6,,3,,,7,
"Matsuyama, Japan",33.839157,132.765575,,,,,,,4,,,,,1,,1,,,1,
"Maua, Brazil",-23.668163,-46.461709,4,,,3,,,,,,,,1,,1,,,1,
"Mawlamyine, Myanmar",16.484722,97.625833,8,,,7,,,17,,,,,67,,10,,,6,
"Mazatlan, Mexico",23.249415,-106.411142,,,,,,,,,,,,,,,,,2,
"Mbabane, Swaziland",-26.316667,31.133333,,,,1,,,,,,,,,,,,,,
"Mecca, Saudi Arabia",21.416667,39.816667,,,,1,,4,,,,,,,,,,,,
"Medan, Indonesia",3.595196,98.672223,9,,1,15,,2,8,,,,1,16,,12,,,11,
"Medellin, Colombia",6.253041,-75.564574,2,,,3,4,,,1,2,,,5,,13,,,15,
"Melbourne, Australia",-37.814107,144.96328,196,40,5,248,16,22,73,,1,3,3,50,1,105,10,50,42,10
"Memphis, USA",35.149534,-90.04898,13,,,4,1,,2,,,,,,,7,,,5,
"Mendoza, Argentina",-32.889459,-68.845839,,,,1,,,,,3,,,,,,,,,
"Mercin, Turkey",36.812104,34.641481,,,,3,,,,,,,,,,,,,,
"Merida, Mexico",20.96737,-89.592586,1,,,7,,1,,,,,,,,7,,,9,
"Mesa, USA",33.415184,-111.831472,39,,,18,10,1,13,,,,,4,1,29,1,4,20,
"Mexicali, Mexico",32.624539,-115.452262,3,,,2,1,,,,,,,,,16,1,,6,
"Mexico City, Mexico",19.432608,-99.133208,,,,,,6,,,,,,,,3,,,,
"Miami, USA",25.76168,-80.19179,159,1,2,100,5,2,27,,31,14,1,21,,125,6,6,156,
"Miguel Hidalgo, Mexico",19.430658,-99.208395,2,,,1,,2,3,,,,,,,10,,,3,
"Milan, Italy",45.465422,9.185924,62,,,60,3,3,32,,1,,1,41,,157,,1,259,
"Milwaukee, USA",43.038903,-87.906474,40,2,1,25,6,,11,,1,3,1,3,,35,2,2,25,
"Minato, Japan",35.658068,139.751599,,,,,,,4,,,,,,,1,,,,
"Minneapolis, USA",44.977753,-93.265011,68,9,1,16,3,,13,,1,2,,6,,33,4,3,19,1
"Minsk, Belarus",53.90454,27.561524,1,,,3,,,,,,,,2,,8,,,16,
"Misratah, Libya",32.377533,15.092017,,,,,,,,,,,,1,,,,,,
"Mississauga, Canada",43.589045,-79.64412,14,,1,2,2,,2,,2,,,3,,10,11,,4,
"Mixco, Guatemala",14.633333,-90.6,,,,,,,,,,,,,,3,,,2,
"Miyazaki, Japan",31.907674,131.420241,,,,,,,2,,,,,,,2,,,1,
"Mogadishu, Somalia",2.033333,45.35,,,,1,,,,,,,,,,,,,,
"Mogi das Cruzes, Brazil",-23.521313,-46.185853,1,,,,1,,,,,,,,,5,,,1,
"Mombasa, Kenya",-4.043477,39.668207,1,,,,,,,,,,,,,,,,1,
"Monaco, Monaco",43.737411,7.420816,2,,,9,,,2,,,,,4,,6,,,4,
"Monterrey, Mexico",25.686614,-100.316113,12,,,10,1,1,1,,3,,,4,,17,,3,6,
"Montes Claros, Brazil",-16.728641,-43.858214,1,,,,,,,,,,,,,1,,,1,
"Montevideo, Uruguay",-34.901113,-56.164531,1,,,1,,2,,,2,,,,,2,,,2,
"Montreal, Canada",45.501689,-73.567256,80,,1,35,5,5,8,,3,,,6,,20,113,9,39,
"Morelia, Mexico",19.70595,-101.194982,,,,,,1,,,,,,,,3,,,,
"Moron, Argentina",-34.655861,-58.616721,2,,,4,,1,,,10,,1,,,11,,,20,
"Moscow, Russian Federation",55.755826,37.6173,7,,,41,,1,3,,,,,62,,42,1,,31,
"Multan, Pakistan",30.198381,71.468703,,,,1,,,,,,,,,,,,,,
"Mumbai, India",19.075984,72.877656,11,,,17,4,3,8,,,,,4,,13,2,2,4,
"Munich, Germany",48.135125,11.581981,19,,,63,6,,18,16,,,,7,,24,,,15,1
"Murcia, Spain",37.9861,-1.1303,1,,,3,,1,1,,,,,4,,1,,1,3,
"Murmansk, Russian Federation",68.958524,33.08266,7,,1,2,,,,,,,,1,,3,,1,8,
"Muscat, Oman",23.61,58.54,,,1,2,,,,,,,,1,,1,,,1,
"Mykolayiv, Ukraine",46.975033,31.994583,,,,1,,,,,,,,8,,1,,,,
"Naberezhnyye Chelny, Russian Federation",55.718505,52.372104,,,,,,,,,,,,,,1,,,1,
"Nagano, Japan",36.64855,138.194243,1,,,1,,,9,,,,,3,,1,,,2,
"Nagasaki, Japan",32.750286,129.877667,,,,5,,,4,,,,,2,,2,,,1,
"Nagoya, Japan",35.181446,136.906398,4,,,5,,,30,,,,,11,,7,,,10,1
"Nagpur, India",21.1458,79.088155,,,,,,,,,,,,,,1,,,,
"Naha, Japan",26.212312,127.679157,5,,,3,,,18,,,1,2,,,2,,,4,
"Nairobi, Kenya",-1.292066,36.821946,2,,,3,,,,,,,,1,,3,,,7,
"Nangi, India",22.497334,88.22138,,,,,,,,,,,,,,1,,,,
"Nanjing, China",32.060255,118.796877,2,,,1,,,2,,,,,,,,,,1,
"Nanning, China",22.817002,108.366543,1,,,,,,,,,,,,,,,,1,
"Naples, Italy",40.882994,14.286579,50,,,36,1,1,2,,1,,,11,,202,,1,98,
"Nara, Japan",34.685087,135.805,1,,,5,,,11,,,,,3,,4,,,2,
"Nashville, USA",36.162664,-86.781602,25,1,1,7,1,3,2,,2,1,,9,1,16,1,5,18,
"Nassau, Bahamas",25.06,-77.345,1,,,1,,,1,,,1,,,,,,,7,
"Natal, Brazil",-5.779257,-35.200916,5,,,4,,7,,,,,,1,,11,,,17,
"Naucalpan de Juarez, Mexico",19.483333,-99.233333,,,,1,,,,,,,,,,1,,,1,
"Navi Mumbai, India",19.033049,73.029662,1,,,1,,,1,,,,,,,1,,,,
"Nay Pyi Taw, Myanmar",19.75,96.1,,,,,,,1,,,,,1,,,,,1,
"New Delhi, India",28.613939,77.209021,4,,,14,,1,10,,1,,,,,7,,,3,
"New Kingston, Jamaica",18.008984,-76.782702,,,,,2,,1,,,10,,,,,,,1,
"New Orleans, USA",29.951066,-90.071532,71,2,,21,6,1,3,,,2,,4,,32,,4,30,
"New South Memphis, USA",35.051029,-90.002226,14,,,5,1,,2,,,,,,,5,,1,5,
"New York City, USA",40.712784,-74.005941,758,37,21,431,83,24,195,,80,22,12,188,6.001,594,22,68,438,28
"Newcastle, Australia",-32.926689,151.778921,10,,,3,4,,8,,,,,,,14,,1,3,
"Newcastle, South Africa",-27.744167,29.937222,1,,,,,,,,,,,,,,,,,
"Nice, France",43.710173,7.261953,5,2,,10,,2,5,,,,,7,,8,1,,12,
"Nicosia, Cyprus",35.166667,33.366667,4,,,6,1,,2,,,,,3,,7,,,3,
"Niigata, Japan",37.916192,139.036413,3,,,,,,6,,,1,,4,,1,,,3,
"Ningbo, China",29.868336,121.54399,,,,,,,2,,,,,1,,,,,1,
"Nishinomiya-hama, Japan",34.728764,135.33714,,,,2,,,3,,1,,,10,,6,,,2,
"Niteroi, Brazil",-22.885897,-43.115221,2,,,,,3,,,,,,,,13,,,3,
"Nizhniy Novgorod, Russian Federation",56.296504,43.936059,,,,,,,,,,,,,,1,,,3,
"North York, Canada",43.761538,-79.411079,21,,6,20,2,,10,,,,,10,,19,14,,33,1
"Nova Iguacu, Brazil",-22.756132,-43.460742,2,,,1,,1,1,,,,,,,13,,,5,
"Novokuznetsk, Russian Federation",53.759594,87.12157,,,,,,,,,,,,1,,1,,,2,
"Novosibirsk, Russian Federation",55.008353,82.935733,,,,1,,,,,,,,13,,1,,,3,
"Nuevo Laredo, Mexico",27.477936,-99.549573,2,,,1,,,,,,,,3,,3,,,5,
"Nuremberg, Germany",49.45203,11.07675,3,,1,25,3,,7,4.001,,,,3,,2,,,21,
"Oakland, USA",37.804364,-122.271114,107,6,3,34,17,2,74,,2,2,1,9,,46,11,11,43,
"Odessa, Ukraine",46.482526,30.72331,1,,,2,3,,,,,,,2,,5,,,4,
"Oita, Japan",33.239558,131.609272,,,,,,,,,,,,1,,,,,,
"Okayama, Japan",34.655146,133.919502,1,,,,,,7,,,,,2,,3,,,1,
"Okazaki, Japan",34.954379,137.174329,,,,,,1,15,,,,,1,,3,,,3,
"Oklahoma City, USA",35.46756,-97.516428,10,2,,6,,,2,,,,,,,27,,,7,
"Olinda, Brazil",-7.990714,-34.841622,1,,,,,,,,,,,,,,,,6,
"Omaha, USA",41.252363,-95.997988,9,,,5,2,,2,,1,,,,,6,,,9,
"Omsk, Russian Federation",54.983333,73.366667,,,,,,,,,,,,4,,,,,2,
"Oranjestad, Aruba",12.519,-70.037,1,,,2,,,,,1,,,,,2,,,3,
"Orenburg, Russian Federation",51.766648,55.100454,,,,,,,,,,,,,,2,,,,
"Orumiyeh, Iran",37.555278,45.0725,,,,,,,,,,,,,,1,,,,
"Osaka, Japan",34.693738,135.502165,2,,,9,,1,269,,,3,,23,,28,1,,32,1
"Osasco, Brazil",-23.532881,-46.792003,9,,,13,,6,1,1,1,,,,,20,,,11,
"Oslo, Norway",59.913869,10.752245,82,,,53,3,1,12,1,,,,15,,37,,14,44,
"Ostrava, Czech Republic",49.820923,18.262524,3,,,6,2,,,,,,,1,,4,,,8,
"Ottawa, Canada",45.42153,-75.697193,39,,2,8,3,,5,,,,1,3,,15,22.001,2,14,
"Pachuca de Soto, Mexico",20.101061,-98.759131,2,,,1,,,,,,,,,,2,,,2,
"Padang, Indonesia",-0.95,100.353056,,,,2,,,,,,,1,,,1,,,1,
"Palembang, Indonesia",-2.976073,104.775431,,,,1,,,1,,,,,1,,2,,,2,
"Palermo, Italy",38.115688,13.361267,11,,,10,1,,3,,,,,2,,32,1,,20,
"Palikir, Micronesia",6.917222,158.158889,3,,,,,,,,,,,,,,,,,
"Palma, Spain",39.569601,2.65016,,,,9,,1,,,2,,,1,,5,,,10,
"Panama, Panama",8.983333,-79.516667,4,,,6,,,2,,3,,,,,3,,,20,
"Papeete, French Polynesia",-17.535,-149.5696,,,,,,,,,,,,,,,,,1,
"Paramaribo, Suriname",5.852036,-55.203828,1,,,,,,,,,,,,,1,,,,
"Paris, France",48.856614,2.352222,70,9,,263,7,9,31,3,3,,,340,1,58,6,5,72,3
"Pasig City, Philippines",14.576377,121.08511,38,,3,136,5,4,17,,,,6,4,,21,,2,,4
"Patiala, India",30.34,76.38,,,,,,,,,,,,,,2,,,,
"Pekanbaru, Indonesia",0.507068,101.447779,1,,,8,,1,4,,,,,1,,1,,,9,
"Pelotas, Brazil",-31.765399,-52.337589,1,,,,,,1,,,,,,,7,,,1,
"Penza, Russian Federation",53.2,45.016667,,,,,,,,,,,,,,2,,,,
"Percut, Indonesia",3.714977,98.764639,,,,2,,,2,,,,,8,,1,,,1,
"Pereira, Colombia",4.808717,-75.690601,,,,5,,,,,,,,,,1,,,,
"Perm, Russian Federation",58,56.316667,,,,1,,,,,,,,2,,,,,,
"Perth, Australia",-31.953513,115.857047,54,5,2,20,9,16,19,,3,1,4,4,,20,1,17,17,3
"Peshawar, Pakistan",34.014975,71.58049,,,,,,,,,,,,,,1,,,,
"Petaling Jaya, Malaysia",3.099293,101.644858,14,,1,30,1,20,23,,,,1,16,,8,,,16,3
"Petare, Venezuela",10.470452,-66.799265,2,,,,,3,1,,,,,,,3,,,14,
"Philadelphia, USA",39.952584,-75.165222,130,4,1,36,29,1,24,,4,2,2,12,2,84,2,8,70,
"Philipsburg, Sint Maarten",18.0237,-63.0458,,,,1,,,,,,,,,,,,,,
"Phnom Penh, Cambodia",11.544873,104.892167,1,,,5,,,8,,,,,,,6,1,,,
"Phoenix, USA",33.448377,-112.074037,32,2,,7,7,1,2,,,,,8,,40,,3,23,
"Pietermaritzburg, South Africa",-29.600607,30.379412,1,,,1,,,,,,,,,,,,,,
"Pimpri, India",18.629781,73.799709,,,,,,,1,,,,,,,,,,,
"Piracicaba, Brazil",-22.734286,-47.648064,6,,,3,,11,,,,,,,,9,,,8,
"Pittsburgh, USA",40.440625,-79.995886,32,,,9,2,1,7,,1,,,1,1,15,,1,9,
"Plovdiv, Bulgaria",42.135408,24.74529,2,,,1,,,,,,,,,,1,,,2,
"Podgorica, Montenegro",42.441286,19.262892,,,,,,,,,,,,,,1,,,1,
"Pohang, South Korea",36.019018,129.343481,1,,,,,,2,,,,,1,,,,,,
"Poltava, Ukraine",49.627044,34.487623,,,,,,,,,,,,,,1,,,,
"Pontianak, Indonesia",-0.02633,109.342504,1,,1,2,,2,,,,,1,,,3,,,1,
"Port Elizabeth, South Africa",-33.958056,25.6,2,,,2,,,1,,,,,,,1,,,2,
"Port Louis, Mauritius",-20.166667,57.516667,,,,2,,,,,,,,,,2,,,,
"Port Moresby, Papua New Guinea",-9.4438,147.180267,8,,,3,,1,3,,,,,,,4,,1,4,
"Port-of-Spain, Trinidad and Tobago",10.666667,-61.516667,1,,,1,,,13,,,,,,,3,,,8,
"Portland, USA",45.523062,-122.676482,111,5,10,29,12,,19,,1,,,24,1,61,7,4,53,
"Porto Alegre, Brazil",-30.034647,-51.217658,5,,,6,2,7,4,,,,,2,,16,,,48,
"Porto Velho, Brazil",-8.76116,-63.90043,1,,,,,2,,,,,,,,,,,1,
"Posadas, Argentina",-27.362137,-55.900875,,,,,,,,,3,,,,,2,,,1,
"Poznan, Poland",52.406374,16.925168,4,,,8,1,,3,1,,,,,3,9,,,10,
"Prague, Czech Republic",50.075538,14.4378,24,4,,78,1,1,14,,,,,7,,14,,,34,
"Pretoria, South Africa",-25.746111,28.188056,9,,,3,,,1,,,,,,,4,,,,
"Pristina, Kosovo",42.662914,21.165503,,,,2,,,,,,,,,,7,,,,
"Puebla, Mexico",19.041297,-98.2062,,,,3,,,,,2,,,1,,6,,,10,
"Puente Alto, Chile",-33.618608,-70.590606,,,,1,,1,,,11,,,,,14,,,38,
"Puerto La Cruz, Venezuela",10.200799,-64.633464,,,,3,,,,,1,,,,,6,,,5,
"Pune, India",18.52043,73.856744,1,,,6,,,,,,,,1,,2,,,,
"Putian, China",25.454085,119.007777,1,,,,,,,,,,,,,,,,,
"Puyang, China",35.761829,115.029216,,,,1,,,,,,,,,,,,,,
"Qazvin, Iran",36.266667,50,,,,,,,,,,,,,,1,,,1,
"Qom, Iran",34.639944,50.875942,,,,,,,,,,,,,,7,,,,
"Quebec, Canada",46.82928833,-71.229675,11,1,,5,2,1,1,,,,,1,,8,18,2,2,
"Quezon City, Philippines",14.676041,121.0437,16,,1,41,5,3,5,,1,,7,5,,41,1,1,2,
"Quilmes, Argentina",-34.720634,-58.254605,1,,,4,,1,2,,2,,,1,,,,,3,
"Quito, Ecuador",-0.180653,-78.467838,2,,,,1,1,,,1,,,,,2,,,5,
"Ra's Bayrut, Lebanon",33.893333,35.469167,2,,,5,,1,2,,,,,2,,3,,,4,
"Rabat, Morocco",33.97159,-6.849813,,,,3,,,,,,,,2,,2,,,,
"Rajkot, India",22.303895,70.80216,,,,,,,,,,,,,,1,,,,
"Raleigh, USA",35.77959,-78.638179,16,,2,6,2,,5,,5,2,2,1,,15,,2,14,
"Rasht, Iran",37.280833,49.583056,,,,1,,,,,,,,,,1,,,,
"Rawalpindi, Pakistan",33.598394,73.044135,,,,,,,,,,,,,,1,,,,
"Recife, Brazil",-8.057838,-34.882897,3,,,14,1,8,,,,,,2,3,19,,,40,
"Reykjavik, Iceland",64.133333,-21.933333,6,,,3,,,,,,,,,,3,,1,3,
"Reynosa, Mexico",26.092222,-98.277778,4,,,1,,,1,,,,,20,,9,,,1,
"Ribeirao das Neves, Brazil",-19.761902,-44.085357,2,,,,,1,,,,,,1,,6,,,,
"Ribeirao Preto, Brazil",-21.170401,-47.810324,5,,,3,,4,,,6,,,,,5,,,14,
"Riga, Latvia",56.949649,24.105186,2,,,7,,1,,,1,,,8,,1,,,9,
"Rio de Janeiro, Brazil",-22.906847,-43.172896,16,,,11,,12,2,1,3,,,8,,35,,,23,
"Riverside, USA",33.953349,-117.396156,62,,1,30,14,3,6,,,,,13,,56,3,1,68,
"Riyadh, Saudi Arabia",24.633333,46.716667,1,,,21,,5,2,,,,,1,,9,1,,12,
"Road Town, Virgin Islands (British)",18.422995,-64.614122,,,,,,,1,,,,,,,,,,,
"Rome, Italy",41.902784,12.496366,11,,,11,,4,6,,,,,12,,63,,,58,
"Rosario, Argentina",-32.944243,-60.650539,,,,1,,2,,,6,,,,,8,,,1,
"Rostov-na-Donu, Russian Federation",47.233333,39.7,,,,2,,,,,,,,1,,2,,,,
"Rotterdam, Netherlands",51.92442,4.477733,6,1,,10,1,1,11,,,,,5,,4,,1,15,
"Ryazan', Russian Federation",54.609542,39.712586,,,,1,,,,,,,,2,,1,,,,
"Sacramento, USA",38.581572,-121.4944,82,2,3,38,13,1,13,,1,1,1,9,1,53,2,11,55,
"Saint George's, Grenada",12.056098,-61.7488,,,,,,,,,,,,,,,,,3,
"Saint Helier, Jersey",49.186823,-2.106568,8,1,,24,,2,11,,,,,23,,11,2,,8,
"Saint Peter Port, Guernsey",49.455443,-2.536871,1,,,7,,,1,,,,,2,,5,,,1,
"Saint Petersburg, Russian Federation",59.93428,30.335099,3,,,15,2,1,1,1,,,,13,,17,,7,20,
"Saint-Denis, Réunion",-20.882057,55.450675,1,,,,,,2,,,,,1,,,,,,
"Saint-Pierre, Saint Pierre and Miquelon",46.7778,-56.1778,8,,,,,,,,,,,,,4,1,,,
"Saitama, Japan",35.861729,139.645482,,,,,,,3,,,,,4,,,,,2,
"Sakai, Japan",34.573262,135.482998,,,,2,,,15,,,,,8,,4,,,3,
"Salem, India",11.664325,78.146014,,,,,,,1,,,,,,,,,,,
"Salta, Argentina",-24.783077,-65.410374,,,,1,,,,,2,,,,,,,,,
"Saltillo, Mexico",25.426724,-100.995425,,,,,,,,,,,,,,2,,,,
"Salvador, Brazil",-12.97304,-38.502304,4,,,1,,17,,,,,,2,,19,,,12,
"Samara, Russian Federation",53.202778,50.140833,1,,,,,,,,,,,2,,1,,,,
"Samarinda, Indonesia",-0.494823,117.143615,1,,1,4,,1,,,,,2,1,,,,,3,
"Samsun, Turkey",41.279703,36.336067,,,,2,,,,,,,,2,,1,,,,
"Samut Prakan, Thailand",13.599096,100.599832,11,,,25,,2,25,,,,1,130,,22,,,25,
"San Diego, USA",32.715738,-117.161084,93,2,5,43,45,7,19,,6,,2,41,,85,2,12,109,1
"San Francisco, USA",37.77493,-122.419416,128,17,3,78,50,7,48,,6,2,11,32,1,73,2,17,106,9
"San Jose del Monte, Philippines",14.813889,121.045278,11,1,,9,3,1,3,,,,,,,29,,1,2,2
"San Jose, Costa Rica",9.928069,-84.090725,1,,,1,,3,1,,,,,1,,8,,,6,
"San Jose, USA",37.338208,-121.886329,75,9,3,48,40,3,26,,2,,2,23,1,47,5,1,71,2
"San Juan, Argentina",-31.535107,-68.538594,,,,,,,1,,2,,,,,3,,,5,
"San Juan, Puerto Rico",18.466334,-66.105722,8,,,11,3,,1,,2,,,2,,25,,,11,
"San Luis Potosi, Mexico",22.15647,-100.985541,1,,,5,,2,,,,,,,,1,,,1,
"San Marino, San Marino",43.935591,12.447281,9,,,4,1,,5,,1,,,2,,29,,,30,
"San Miguel de Tucuman, Argentina",-26.808285,-65.21759,,,,1,,,,,2,,,,,1,,,,
"San Miguelito, Panama",9.033,-79.5,1,,,1,,,,,,,,,,10,,,1,
"San Nicolas de los Garza, Mexico",25.749347,-100.286897,,,,,1,,,,,,,,,5,,,3,
"San Pedro Sula, Honduras",15.5,-88.033333,,,,2,,,,,1,,,,,,,,1,
"San Salvador, El Salvador",13.69294,-89.218191,3,,,1,2,1,1,,1,,,1,,12,,1,6,
"Sandakan, Malaysia",5.839444,118.117173,,,,,,,,,,,,,,1,,,,
"Santa Ana, USA",33.745573,-117.867834,91,3,5,48,26,5,14,,10,,1,38,,52,8,4,92,10
"Santa Cruz de la Sierra, Bolivia",-17.866667,-63,,,,1,,,,,,,,,,1,,,2,
"Santa Fe de la Vera Cruz, Argentina",-31.615893,-60.720292,,,,,,,,,,,,,,2,,,,
"Santa Maria Chimalhuacan, Mexico",19.424795,-98.964495,1,,,,,,,,1,,,,,1,,,,
"Santa Marta, Colombia",11.240355,-74.211023,,,,1,,,,,,,,,,1,,,1,
"Santiago de los Caballeros, Dominican Republic",19.466667,-70.7,2,,,2,1,2,1,,,,,,,6,,,5,
"Santiago de Queretaro, Mexico",20.588793,-100.389888,,,,4,,,1,,,,,,,3,,,6,
"Santiago del Estero, Argentina",-27.783357,-64.264167,,,,,,,,,1,,,,,1,,,,
"Santiago, Chile",-33.44889,-70.669265,6,,,13,3,7,6,,12,,,11,,40,,,62,
"Santo Andre, Brazil",-23.674223,-46.5436,3,,,7,,3,,,1,,,1,,2,,,2,
"Santo Domingo Oeste, Dominican Republic",18.48888,-70.008631,,,,,,,,,1,,,,,1,,,3,
"Santo Domingo, Dominican Republic",18.466667,-69.95,17,,,24,2,11,2,,2,1,,2,,20,,,13,
"Santos, Brazil",-23.967882,-46.328887,4,,,5,,4,,,,,,,,2,,,3,
"Sao Bernardo do Campo, Brazil",-23.689843,-46.564848,2,,,2,,2,,,,,,,,4,,,1,
"Sao Joao de Meriti, Brazil",-22.790766,-43.369936,2,,,,,1,1,,,,,,,9,,,5,
"Sao Jose do Rio Preto, Brazil",-20.811761,-49.376227,2,,,11,,6,1,,,,,,,5,,,5,
"Sao Jose dos Campos, Brazil",-23.223701,-45.900907,6,,,1,1,2,,,,,,3,,15,,,4,
"Sao Luis, Brazil",-2.53911,-44.282905,1,,,,,2,,,,,,,,12,,,5,
"Sao Paulo, Brazil",-23.55052,-46.633309,64,,1,91,3,75,14,1,14,,,23,,58,,1,63,
"Sao Vicente, Brazil",-23.960766,-46.39608,,,,,,,,,,,,,,2,,,3,
"Sapporo, Japan",43.062096,141.354376,3,,,1,,,75,,,1,,8,,3,,,26,
"Sarajevo, Bosnia and Herzegovina",43.856259,18.413076,,,,1,,,2,,,,,,,5,,,1,
"Saratov, Russian Federation",51.533333,46.016667,,,,,,,,,,,,1,,,,,,
"Scarborough, Canada",43.776426,-79.231752,38,1,3,15,9,1,13,,1,2,,10,,25,12,8,31,2
"Seattle, USA",47.60621,-122.332071,103,1,3,41,16,3,18,1,,3,4,22,,61,5,8,74,10
"Semarang, Indonesia",-6.966667,110.416667,3,,,3,,3,2,,,,2,2,,11,,,6,
"Sendai, Japan",38.268215,140.869356,,,,,,,10,,,,,3,,,,,9,
"Sendai, Japan",38.268215,140.869356,,,,1,,,3,,,,,1,,7,,,1,
"Seongnam-si, South Korea",37.444917,127.138868,6,,6,14,,10,9,,,,,103,,14,,,18,
"Seoul, South Korea",37.566535,126.977969,24,16,25,99,25,70,94,1,,1,7,380,,162,1,4,110,5
"Seremban, Malaysia",2.725889,101.937824,10,,,6,,4,9,,,,1,4,,1,,,5,
"Serra, Brazil",-20.121522,-40.30779,1,,,,,2,,,,,,1,,1,,,1,
"Sevastopol, Ukraine",44.61665,33.525367,,,,1,,,,,,,,1,,1,,,1,
"Sevilla, Spain",37.420167,-5.89305,2,,,3,,8,1,,,,,1,,1,,,6,
"Shah Alam, Malaysia",3.073281,101.518461,,,1,14,,4,1,,,,,1,,1,,,1,1
"Shanghai, China",31.230416,121.473701,4,,2,15,3,,13,,,,,8,,7,,,15,27
"Shangrao, China",28.454863,117.943433,,,,,,,,,,,,,,,,,2,
"Sharjah, UAE",25.3575,55.390833,7,,,29,3,1,7,,,,1,2,1,25,3,,14,
"Sheffield, UK",53.381129,-1.470085,10,,,10,4,2,10,,,,,3,,8,,4,3,
"Shenyang, China",41.805699,123.431472,,,1,,,,,,,,,1,,1,,,,
"Shenzhen, China",22.543099,114.057868,1,,,7,,,15,,,,,13,,1,,,12,
"Shiliguri, India",26.708382,88.426874,,,,,,,1,,,,,,,,,,,
"Shiqi, China",22.957369,113.465465,,,,1,,,1,,,,,,,2,,,,
"Shiraz, Iran",29.591768,52.583698,,,,1,,,,,,,,,,,,,,
"Shivaji Nagar, India",12.985655,77.605903,,,,2,,,1,,,,,,,3,,,,
"Shizuoka, Japan",34.975562,138.38276,,,,,1,,15,,,,,7,,3,,,8,1
"Shymkent, Kazakhstan",42.341685,69.590101,,,,,,,,,,,,,,,,,1,
"Simferopol, Ukraine",44.952117,34.102417,,,,1,,,,,,,,,,,,,,
"Singapore, Singapore",1.280095,103.850949,103,6,9,107,8,74,115,2,,,12,74,,59,2,15,96,27
"Sisli, Turkey",41.124309,29.011076,11,,1,23,2,2,1,,,,,67,,29,,,24,
"Situbondo, Indonesia",-7.705053,113.995279,1,,,1,,2,,,,,,,,1,,,1,
"Skopje, Macedonia",41.997346,21.427996,1,,,2,1,,,,,,,1,,3,,,2,
"Soacha, Colombia",4.582723,-74.211746,,,,,,,,,,,,,,2,,,,
"Sochi, Russian Federation",43.585278,39.720278,,,,,,,,,,,,1,,,,,,
"Sofia, Bulgaria",42.697708,23.321868,2,,,3,,,,,1,,,1,,2,,1,8,
"Sorocaba, Brazil",-23.50153,-47.45256,4,,,1,,5,,,,,,,,6,,,5,
"South Boston, USA",36.698749,-78.901399,69,3,,24,4,3,7,,4,2,,1,,27,1,6,25,1
"South Tangerang, Indonesia",-6.288889,106.718056,28,,1,23,,4,3,,,,,6,,8,,,14,
"Soweto, South Africa",-26.248538,27.854032,,,,,,,,,,,,,,,,,1,
"Soyapango, El Salvador",13.710045,-89.137253,,,,,,,,,,,,,,1,,,,
"St. Louis, USA",38.627003,-90.199404,30,2,2,5,3,1,4,,2,2,,6,,22,,3,10,
"Stanley, Falkland Islands",-51.6921,-57.8589,,,,,,,,,1,,,1,,,,,1,
"Stavropol', Russian Federation",45.05,41.983333,,,,,,,,,,,,4,,,,,9,
"Stockholm, Sweden",59.329323,18.068581,54,,2,45,2,,16,,1,2,,8,1,32,,11,35,
"Stuttgart, Germany",48.775846,9.182932,10,,,39,4,,7,2,,,,8,,8,,,19,
"Subang Jaya, Malaysia",3.081213,101.584411,13,1,1,13,1,10,8,,,,,15,,5,,,10,
"Suita, Japan",34.759453,135.51686,,,,2,,,7,,,,,1,,,,,,
"Sultanah, Saudi Arabia",24.49017325,39.60744525,,,,2,,,,,,,,,,,,,,
"Sultangazi, Turkey",41.125579,28.871331,,,,7,,,,1,,,,2,,7,,,1,
"Surabaya, Indonesia",-7.257472,112.752088,18,2,2,32,,16,14,,,,2,6,,19,1,,23,
"Surakarta, Indonesia",-7.566667,110.816667,,,,2,,27,1,,,,,7,,4,,,,
"Surat, India",21.17024,72.831061,,,,,,,,,,,,,,1,,,,
"Surgut, Russian Federation",61.25595,73.384547,,,,,,,,,,,,3,,1,,,17,
"Surrey, Canada",49.183333,-122.85,26,1,1,16,4,,17,,1,2,,4,,10,10,5,33,
"Suva, Fiji",-18.1416,178.4419,1,,,1,,,2,,,,,,,1,,,1,
"Suwon-si, South Korea",37.263573,127.028601,2,,1,5,,7,4,,,,,53,,8,,,6,1
"Suzhou, China",31.298974,120.585297,,,,,,,1,,,,,,,1,,,,
"Sydney, Australia",-33.867487,151.20699,202,13,4,214,16,39,75,,5,2,2,47,10,125,9,42,91,15
"Szczecin, Poland",53.428544,14.552812,,,,5,,,,1,,,,1,2,5,,,,
"Tabriz, Iran",38.066667,46.3,4,,,,,,,,,,,,,,,,,
"Tabuk, Saudi Arabia",28.383333,36.583333,,,,1,,,,,,,,,,1,,,,
"Taguig, Philippines",14.517618,121.050864,4,1,,10,,4,,,,,,,,7,,,1,
"Taichung, Taiwan",24.147736,120.673648,12,,,18,,1,30,,,,,11,,12,1,,14,
"Tainan, Taiwan",22.9999,120.226876,8,,,3,,,8,,,,,9,,8,,,3,2
"Taipei, Taiwan",25.032969,121.565418,44,,2,70,4,7,95,,,,2,58,,58,,,67,21
"Taizhou, China",28.656386,121.420757,,,,,,,,,,,,,,,,,1,
"Takamatsu, Japan",34.342788,134.046574,,,,,,,4,,,,,,,1,,,1,
"Takatsuki, Japan",34.846159,135.617272,,,,,,,3,,,,,,,1,,,2,
"Takeo, Cambodia",10.932152,104.798771,,,,1,,,,,,,,,,2,,,,
"Tallinn, Estonia",59.436961,24.753575,2,,,4,,,1,,,,,3,,1,,,2,
"Tampa, USA",27.950575,-82.457178,108,1,3,42,13,14,26,,18,7,1,20,,60,7,6,94,
"Tampico, Mexico",22.233104,-97.861099,,,,,,1,,,1,,,,,8,,,,
"Tangerang, Indonesia",-6.202394,106.65271,3,1,2,15,,3,8,,,,3,3,,4,,,12,
"Tangier, Morocco",35.759465,-5.833954,,,,,,,,,,,,1,,,,,,
"Tangshan, China",39.630867,118.180194,,,,,,,1,,,,,,,,,,,
"Taoyuan City, Taiwan",24.993628,121.30098,2,,1,10,,1,11,,,,,10,,7,,,5,1
"Tashkent, Uzbekistan",41.3125,69.390274,,,,,,,,,,,,5,,1,,,,
"Tawau, Malaysia",4.244651,117.891186,,,,,,,1,,,,,,,,,,,
"Tbilisi, Georgia",41.716667,44.783333,,,,,,,,,,,,1,,1,,,3,
"Tegucigalpa, Honduras",14.0833,-87.2167,,,,,,,,,,,,,,1,,,1,
"Tehran, Iran",35.696111,51.423056,5,,,17,,,2,,,,,6,,18,,,8,
"Tembisa, South Africa",-26.006312,28.210883,1,,,,,,,,,,,,,1,,,2,
"Teresina, Brazil",-5.092011,-42.80376,,,,,,1,,,,,,,,11,,,5,
"Thane, India",19.218331,72.97809,,,,1,1,2,1,,,,,,,2,,,,
"The Hague, Netherlands",52.070498,4.3007,7,,,4,1,,6,,1,,,,,4,,2,16,
"Thessaloniki, Greece",40.640063,22.944419,3,,,12,1,,,,,,,2,,3,,,2,
"Thiruvananthapuram, India",8.524139,76.936638,,,,,,,1,,,,,,,,,,,
"Tianjin, China",39.084158,117.200983,,,,,,,,,,,,,,1,,,,
"Tijuana, Mexico",32.514947,-117.038247,14,,2,9,4,3,,,,,,6,,22,,,12,
"Timisoara, Romania",45.759722,21.23,1,,,3,,,,,,,,5,,7,,,,
"Tirana, Albania",41.327546,19.818698,1,,,2,,1,1,,,,,1,,13,,,9,
"Tlalnepantla, Mexico",19.534528,-99.190736,1,,,1,,,,,,,,,,,,,,
"Tlalpan, Mexico",19.3083,-99.225,1,,,,,,,,,,,,,5,,,4,
"Tlaquepaque, Mexico",20.639708,-103.311846,,,,,,,,,,,,,,5,,,1,
"Tokorozawa, Japan",35.799672,139.46861,1,,,,,,22,,,,,6,,2,,,3,
"Tokyo, Japan",35.709026,139.731992,29,1,1,74,11,1,560,,,1,11,137,,76,,,229,2
"Tol'yatti, Russian Federation",53.5086,49.419834,,,,,,,,,,,,,,2,,,,
"Toluca, Mexico",19.28261,-99.655665,,,,2,,2,,,,,,,,,,,2,
"Tomsk, Russian Federation",56.50104,84.992451,1,,,,,,,,,,,1,,2,,,2,
"Tonala, Mexico",20.623741,-103.241372,,,,,,2,,,,,,,,2,,,1,
"Toronto, Canada",43.653226,-79.383184,118,7,5,63,10,14,24,,,13,3,55,2,72,63,14,57,
"Torshavn, Faroe Islands",62.007864,-6.790982,1,,,1,,,1,,,,,,,,,,1,
"Toulouse, France",43.604652,1.444209,15,1,,42,,2,3,,,,,15,,6,1,,17,
"Toyama, Japan",36.695952,137.213677,3,,,,,,4,,,,,,,2,,,4,
"Toyohashi, Japan",34.7692,137.391466,1,,,,1,,5,,,,,1,,,,,1,
"Toyonaka, Japan",34.781266,135.469739,,,,,,,10,,,,,4,,1,,,1,
"Toyota, Japan",35.082395,137.156249,2,,,2,,1,3,,,,,,,,,,,
"Tripoli, Libya",32.887209,13.191338,,,,,,,,,,,,,,2,,,,
"Trujillo, Peru",-8.109052,-79.021534,,,,,,,,,,,,,,1,,,,
"Tucson, USA",32.221743,-110.926479,8,,,3,2,,3,,,,,,,8,,1,6,
"Tula, Russian Federation",54.204836,37.618492,,,,,,,,,,,,,,1,,,,
"Tulsa, USA",36.153982,-95.992775,12,,1,2,1,2,,,1,,,2,,8,,2,18,
"Tungi, Bangladesh",23.89,90.405833,,,,2,,,1,,,,,,,4,,,1,
"Tunis, Tunisia",36.806495,10.181532,6,,,14,,1,1,,1,,,4,,33,,,14,
"Turin, Italy",45.070312,7.686856,11,,,8,1,1,7,,1,,,14,,29,,,31,
"Tuxtla Gutierrez, Mexico",16.751601,-93.102994,,,,,,,1,,,,,,,4,,,1,
"Tver, Russian Federation",56.858721,35.917596,,,,1,,,,,,,,1,,1,,,2,
"Tyumen, Russian Federation",57.161298,65.525017,,,,,,,,,,,,,,,,,1,
"Uberlandia, Brazil",-18.914608,-48.27538,6,,,,,6,1,,1,,,,,8,,,7,
"UEskuedar, Turkey",41.032236,29.031938,2,,,8,,,3,,,,,26,,9,,,1,
"Ufa, Russian Federation",54.738762,55.972055,,,,,,,,,,,,5,,1,,,1,
"Uijeongbu-si, South Korea",37.738098,127.033682,,1,3,,,1,2,,,,,20,,6,,,2,
"Ulaanbaatar, Mongolia",47.92,106.92,,,,2,,,1,,,,,,,1,,,1,
"Ulan-Ude, Russian Federation",51.823879,107.607338,,,,,,,,,,,,,,1,,,1,
"Ulsan, South Korea",35.538377,129.31136,,,1,1,4,,6,,,,,9,,4,,,3,
"Ulyanovsk, Russian Federation",54.316667,48.366667,,,,1,,,,,,,,,,,,,,
"Umraniye, Turkey",41.033329,29.10136,,,,1,,,,,,,,11,,2,,,,
"Urumqi, China",43.825592,87.616848,1,,,,,,,,,,,,,,,,,
"Utsunomiya, Japan",36.555112,139.882807,3,,,1,,,13,,,,,6,,5,,,3,
"Vaduz, Liechtenstein",47.14137,9.5207,12,,,4,,,1,1,,,,,,9,,,12,
"Valencia, Spain",39.469908,-0.376288,9,,1,7,,66,3,,,,,1,,8,,,14,
"Valencia, Venezuela",10.157931,-67.99721,,,,4,,5,,,,,,6,,9,,,14,
"Valladolid, Spain",41.652251,-4.724532,2,,,9,,15,,,1,,,1,,6,,,11,
"Valledupar, Colombia",10.474245,-73.243633,,,,1,,,,,,,,,,,,,,
"Valletta, Malta",35.898909,14.514553,6,,,9,,,2,,,,,1,,17,,1,6,
"Vancouver, Canada",49.282729,-123.120738,103,7,2,33,8,3,53,1,1,3,2,42,,50,50,10,123,5
"Varanasi, India",25.317645,82.973914,,,,,,,5,,,,,,,,,,,
"Varna, Bulgaria",43.231944,27.825278,,,,,,,,,,,,,,,,,1,
"Vatican City, Holy See",41.902179,12.453601,9,,,10,,1,2,,,,,10,,50,,,21,
"Venustiano Carranza, Mexico",19.430607,-99.09499,,,,,,1,,,,,,,,1,,,1,
"Veracruz, Mexico",19.173773,-96.134224,2,,,,,1,,,2,,,,,7,,,1,
"Vereeniging, South Africa",-26.673611,27.931944,,,,,,,1,,,,,,,,,,1,
"Victoria de Durango, Mexico",24.02772,-104.653176,,,,,,,,,,,,,,1,,,2,
"Vienna, Austria",48.208174,16.373819,8,,2,48,1,,12,,,,,5,,13,,1,15,
"Vientiane, Lao People's Democratic Republic",17.966667,102.6,6,,,4,,1,8,,,,,58,,9,,,4,
"Vila Velha, Brazil",-20.347782,-40.294953,8,,,2,,9,,,1,,,,,6,,,3,
"Villa Nueva, Guatemala",14.526944,-90.5875,1,,,1,,,,,,,,,,1,,,,
"Villahermosa, Mexico",17.989456,-92.947506,,,,1,,,,,1,,,,,7,,,2,
"Villavicencio, Colombia",4.151382,-73.63769,,,,1,,,,,,,,,,,,,4,
"Vilnius, Lithuania",54.638037,25.286558,4,,,10,1,,1,,,,,2,,10,,,3,
"Vinnytsya, Ukraine",49.233083,28.468217,,,,,,,,,,,,,,1,,,,
"Vitebsk, Belarus",55.184806,30.201622,,,,,,,,,,,,,,,,,1,
"Vitoria, Brazil",-20.297618,-40.295777,3,,,2,,,,,,,5,1,,6,,,7,
"Vladikavkaz, Russian Federation",43.016667,44.65,,,,,,,,,,,,,,9,,,1,
"Vladimir, Russian Federation",56.144596,40.417869,,,,,,,,,,,,,,11,,,,
"Vladivostok, Russian Federation",43.133333,131.9,,,,,,,,,,,,2,,10,,,2,
"Volgograd, Russian Federation",48.7,44.516667,,,,,,,,,,,,3,,6,,,,
"Vologda, Russian Federation",59.218066,39.897805,,,,,,,,,,,,1,,,,,1,
"Voronezh, Russian Federation",51.675497,39.208882,,,,1,,,,,,,,,,7,,,12,
"Wakayama, Japan",34.230511,135.170808,,,,1,,,7,,,,,1,,2,,,2,
"Wandsbek, Germany",53.583076,10.082634,4,,,12,,,2,,,,,,,9,,,2,
"Warsaw, Poland",52.229676,21.012229,9,,,45,,,12,,1,,,2,13,18,,1,35,
"Washington D.C., USA",38.907192,-77.036871,148,19,8,47,23,2,38,,4,15,4,24,,65,2,13,85,1
"Weifang, China",36.706774,119.161756,,,,1,,,,,,,,,,,,,,
"Welkom, South Africa",-27.983056,26.720833,1,,,,,,,,,,,,,,,,,
"Wellington, New Zealand",-41.28646,174.776236,9,,,7,,1,3,,,,,,,2,,3,3,
"Wenzhou, China",27.994267,120.699367,,,,,,,,,,,,2,,,,,,
"West Jerusalem, Israel",31.768319,35.21371,13,,,15,,1,4,,1,,,18,,20,,,36,
"West Raleigh, USA",35.786818,-78.663893,30,1,1,14,3,,6,,4,,2,3,,11,,3,15,
"Wichita, USA",37.688889,-97.336111,6,,,1,,,,,,,,,,2,,,2,
"Willemstad, Curaçao",12.116667,-68.933333,,,,,,,1,,,,,,,,,,,
"Windhoek, Namibia",-22.57,17.083611,,,,,,,,,,,,,,,,,2,
"Winnipeg, Canada",49.899754,-97.137494,21,,,5,1,,3,,,,,9,,18,12,2,11,
"Wroclaw, Poland",51.107885,17.038538,3,,,18,,,2,,,,,,10,6,,,12,
"Wuhan, China",30.593099,114.305393,1,,,,,,1,,,,,,,,1,,,
"Wuppertal, Germany",51.256213,7.150764,,,,5,1,,1,2,,,,1,,1,,1,2,
"Wuxi, China",31.49117,120.31191,,,,,,,,,,,,,,,,,,1
"Xalapa de Enriquez, Mexico",19.543775,-96.910181,3,,,3,,1,,,,,,,,8,,,,
"Xi'an, China",34.341568,108.940175,,,,,,,,,,,,1,,,,,,
"Xiamen, China",24.479834,118.089425,1,,,,,,1,,,,,,,,,,1,
"Xochimilco, Mexico",19.257231,-99.102966,1,,,,,,2,,,,,,,1,,,,
"Yangon, Myanmar",16.780833,96.149722,1,,,1,,,2,,,,,,,2,,,1,
"Yantai, China",37.463822,121.447935,,,,,,,1,,,,,,,,,,,
"Yekaterinburg, Russian Federation",56.838926,60.605703,,,,1,,,,,,,,3,,3,,,3,
"Yerevan, Armenia",40.183333,44.516667,,,,1,,,,,,,,1,,1,,,,
"Yogyakarta, Indonesia",-7.79558,110.36949,,,4,16,,9,3,,,,4,1,,15,,,13,
"Yokohama, Japan",35.443708,139.638026,4,,,2,1,,35,,,,,10,,10,,,5,
"Yokosuka, Japan",35.281341,139.672201,,,,1,,,15,,,,,3,,,,,1,
"Yono, Japan",34.705526,136.094175,,,,,,,4,,,,,6,,2,,,2,
"Zagreb - Centar, Croatia",45.792222,15.969507,3,,,9,,,1,,,,,1,,6,,,4,
"Zagreb, Croatia",45.815011,15.981919,3,,,3,,,2,1,,,,2,,4,,,,
"Zamboanga, Philippines",6.921442,122.079027,1,,,,,,,,,,,,,1,,,,
"Zapopan, Mexico",20.671956,-103.416501,2,,,4,,2,,,,,,2,,4,,,2,
"Zaporizhzhya, Ukraine",47.8388,35.139567,,,,,,,,,,,,,,1,,,1,
"Zaragoza, Spain",41.648823,-0.889085,,,,4,,1,,,,,,,,2,,,1,
"Zhuhai, China",22.270715,113.576726,1,,,,,1,,,,,,,,1,,,,
"Zurich, Switzerland",47.36865,8.539183,8,,,16,,1,10,1,,,,7,,7,,,7,